symbol,company,industry,as_of,is_provisional,setup_family,alert_status,priority,alert_priority_score,score_structure,score_rs,score_test_quality,score_readiness,score_market_sector,score_risk_execution,market_gate,sector_breadth_ma20d,price,support_proxy,stop_proxy,breakout_level,breakout_days_ago,visible_t1,rr_to_visible_t1,buy_at_market_gate,adv20,liquidity_gate,extension_vs_ma20d,distance_from_support,extension_risk,reversal_risk,spread_ratio,close_location,volume_pace_proxy,ret_20d,ret_60d,rs_20d_vs_vnindex,rs_60d_vs_vnindex,rs_20d_vs_sector,rs_60d_vs_sector,down_market_defense_proxy,weekly_ret_12w,weekly_ret_26w,evidence,counter_evidence,method_status,method_note,transition_from,transition_reason
DHC,CTCP Đông Hải Bến Tre,SX Phụ trợ,2026-09-28,True,BUEC_CANDIDATE,READY,P2,80,25,20,15,14,0,6,FAIL,0.42105263157894735,38.75,35.55,35.372249999999994,37.6,2.0,39.25,0.14802753312116027,FAIL_RR,426730.0,PASS,0.05585831062670321,0.09001406469760909,LOW,MEDIUM,0.6842105263157859,0.07692307692307272,0.9522183606690651,0.08786610878661083,0.1470588235294117,0.0913828916559708,0.18732742423585957,0.09495830736817112,0.16803784450843273,0.012273132497673613,0.16417910447761197,0.2420382165605095,Weekly trend/position supportive | RS20 > VNINDEX | RS20 > sector median | Holds better on VNINDEX down-days | Recent volume contraction | Pullback holds recent breakout zone,Latest bar is provisional; intraday signal only | Market Gate = FAIL | Reversal risk MEDIUM | R:R to visible T1 < 1.5R,ALGO_CANDIDATE_ONLY,Scanner output cannot CONFIRM LPS/BUEC/Spring/JAC/Phase. Method-Locked review and Action-Test/follow-through remain required.,WATCH,STATE_UPGRADE_OR_MATERIAL_SCORE_CHANGE
TLG,CTCP Tập đoàn Thiên Long,SX Phụ trợ,2026-09-28,True,LPS_CANDIDATE,TRIGGERED_PROVISIONAL,P2,75,20,20,20,9,0,6,FAIL,0.42105263157894735,53.0,49.0,48.755,53.9,5.0,55.3,0.5418138987043577,FAIL_RR,216245.0,PASS,0.01217474337550728,0.08163265306122458,LOW,LOW,0.6923076923076927,1.0,0.9931793593301661,0.019230769230769162,0.10072689511941846,0.02274755210012913,0.14099549582586635,0.026322967812329456,0.1217059160984395,0.012422367954320859,0.09075941551759614,0.10762800417972818,Weekly trend/position supportive | RS20 > VNINDEX | RS20 > sector median | Holds better on VNINDEX down-days | Higher-support pullback / LPS-like test,Latest bar is provisional; intraday signal only | Market Gate = FAIL | R:R to visible T1 < 1.5R,ALGO_CANDIDATE_ONLY,Scanner output cannot CONFIRM LPS/BUEC/Spring/JAC/Phase. Method-Locked review and Action-Test/follow-through remain required.,WATCH,STATE_UPGRADE_OR_MATERIAL_SCORE_CHANGE
AAM,CTCP Thủy sản MeKong,Chế biến Thủy sản,2026-09-28,True,MARKUP_READY_WATCH,WATCH,P2,72,25,16,17,9,0,5,FAIL,0.1,7.75,7.48,7.4426000000000005,7.75,11.0,,,FAIL_MARKET,6190.0,CAUTION,0.03264490339773496,0.03609625668449201,LOW,LOW,0.9302325581395344,1.0,0.3597883597883598,0.03434065934065944,0.2086677367576244,0.03785744221001941,0.2489363374640723,0.08365897587889304,0.35591132650121415,-0.0030151195761232786,0.2028753993610224,0.27627118644067794,Weekly trend/position supportive | RS20 > VNINDEX | RS20 > sector median | Recent spread contraction,Latest bar is provisional; intraday signal only | Market Gate = FAIL | ADV20 liquidity caution | Visible T1/R:R not sufficiently anchored by scanner,ALGO_CANDIDATE_ONLY,Scanner output cannot CONFIRM LPS/BUEC/Spring/JAC/Phase. Method-Locked review and Action-Test/follow-through remain required.,READY,STATE_UPGRADE_OR_MATERIAL_SCORE_CHANGE
MCP,CTCP In và Bao bì Mỹ Châu,SX Phụ trợ,2026-09-28,True,REACCUMULATION_LEADERSHIP_WATCH,WATCH,P2,70,20,20,17,5,0,8,FAIL,0.42105263157894735,28.2,27.7,27.5615,,,29.5,2.036021926389976,FAIL_MARKET,33970.0,CAUTION,0.006693440428380271,0.018050541516245522,LOW,LOW,0.4999999999999911,1.0,0.9346105789254479,0.007117437722419906,0.010714285714285676,0.010634220591779875,0.050982886420733564,0.0142096363039802,0.03169330669330672,0.008603553013596079,0.010714285714285676,0.0253623188405796,Weekly trend/position supportive | RS20 > VNINDEX | RS20 > sector median | Holds better on VNINDEX down-days,Latest bar is provisional; intraday signal only | Market Gate = FAIL | ADV20 liquidity caution,ALGO_CANDIDATE_ONLY,Scanner output cannot CONFIRM LPS/BUEC/Spring/JAC/Phase. Method-Locked review and Action-Test/follow-through remain required.,WATCH,STATE_UPGRADE_OR_MATERIAL_SCORE_CHANGE
PGC,Tổng Công ty Gas Petrolimex - CTCP,Tiện ích,2026-09-28,True,LPS_CANDIDATE,READY,P2,68,20,20,15,9,0,4,FAIL,0.375,13.95,13.5,13.4325,14.35,9.0,14.5,1.062801932367151,FAIL_RR,85590.0,CAUTION,-0.007823613086771153,0.033333333333333215,LOW,LOW,0.21052631578947684,0.0,0.9956709956709957,0.09727626459143979,0.15573770491803285,0.10079304746079976,0.19600630562448074,0.10543185844995467,0.16405789056571263,0.00423545512527571,0.13709677419354827,0.11462450592885376,Weekly trend/position supportive | RS20 > VNINDEX | RS20 > sector median | Holds better on VNINDEX down-days | Recent volume contraction | Higher-support pullback / LPS-like test,Latest bar is provisional; intraday signal only | Market Gate = FAIL | ADV20 liquidity caution | R:R to visible T1 < 1.5R,ALGO_CANDIDATE_ONLY,Scanner output cannot CONFIRM LPS/BUEC/Spring/JAC/Phase. Method-Locked review and Action-Test/follow-through remain required.,,STATE_UPGRADE_OR_MATERIAL_SCORE_CHANGE
VTO,CTCP Vận tải Xăng dầu Vitaco,Vận tải - kho bãi,2026-09-28,True,JAC_SOS_BREAKOUT_CANDIDATE,READY,P2,68,20,20,5,15,0,8,FAIL,0.5142857142857142,11.05,10.4,10.348,10.7,7.0,12.74,2.407407407407407,FAIL_MARKET,159730.0,CAUTION,0.04442344045368629,0.0625,LOW,LOW,1.42857142857143,0.6000000000000014,9.863436963570475,0.04784688995215314,0.042857142857142705,0.05136367282151311,0.08312574356359059,0.057978602211524954,0.0731930041789195,0.006320964323143187,0.03301886792452824,0.02913533834586457,Weekly trend/position supportive | RS20 > VNINDEX | RS20 > sector median | Holds better on VNINDEX down-days | Breakout progress / JAC-SOS-like trigger,Latest bar is provisional; intraday signal only | Market Gate = FAIL | ADV20 liquidity caution,ALGO_CANDIDATE_ONLY,Scanner output cannot CONFIRM LPS/BUEC/Spring/JAC/Phase. Method-Locked review and Action-Test/follow-through remain required.,WATCH,STATE_UPGRADE_OR_MATERIAL_SCORE_CHANGE
DPR,CTCP Cao su Đồng Phú,SX Nhựa - Hóa chất,2026-09-28,True,BUEC_CANDIDATE,WATCH,P3,67,15,20,15,9,2,6,FAIL,0.52,37.8,37.2,37.014,37.65,12.0,38.75,1.2086513994911066,FAIL_RR,256165.0,PASS,0.0024530928860304613,0.01612903225806428,LOW,LOW,0.8,0.19999999999998863,0.8669527896995708,0.027100271002709952,-0.02319587628865971,0.03061705387206992,0.017072724417788177,0.023640063390253152,-0.026244656776464703,0.010182770756583834,-0.021935483870967776,-0.06419753086419755,RS20 > VNINDEX | RS20 > sector median | Holds better on VNINDEX down-days | Recent spread contraction | Pullback holds recent breakout zone,Latest bar is provisional; intraday signal only | Market Gate = FAIL | R:R to visible T1 < 1.5R,ALGO_CANDIDATE_ONLY,Scanner output cannot CONFIRM LPS/BUEC/Spring/JAC/Phase. Method-Locked review and Action-Test/follow-through remain required.,,STATE_UPGRADE_OR_MATERIAL_SCORE_CHANGE
DQC,CTCP Tập đoàn Điện Quang,Thiết bị điện,2026-09-28,True,MARKUP_READY_WATCH,WATCH,P3,66,25,20,10,5,2,4,FAIL,0.375,9.75,9.4,9.353,,,10.0,0.6297229219143573,FAIL_RR,5595.0,CAUTION,0.017055233922703916,0.037234042553191404,LOW,LOW,0.03636363636363566,1.0,1.379188712522046,0.06324972737186485,0.06907894736842124,0.06676651024122482,0.10934754807486913,0.05790228393479879,0.12806905166928106,0.004982532307996723,0.06324972737186485,0.026315789473684292,Weekly trend/position supportive | RS20 > VNINDEX | RS20 > sector median | Holds better on VNINDEX down-days | Recent volume contraction,Latest bar is provisional; intraday signal only | Market Gate = FAIL | ADV20 liquidity caution | R:R to visible T1 < 1.5R,ALGO_CANDIDATE_ONLY,Scanner output cannot CONFIRM LPS/BUEC/Spring/JAC/Phase. Method-Locked review and Action-Test/follow-through remain required.,READY,STATE_UPGRADE_OR_MATERIAL_SCORE_CHANGE
HII,CTCP An Tiến Industries,SX Nhựa - Hóa chất,2026-09-28,True,REACCUMULATION_LEADERSHIP_WATCH,WATCH,P3,65,20,20,12,4,2,7,FAIL,0.52,10.15,10.25,10.19875,10.3,11.0,11.8,,FAIL_MARKET,791395.0,PASS,0.005249083886302852,-0.009756097560975618,LOW,LOW,0.7692307692307658,0.25,0.7336599262759743,0.14549402823018465,0.9077757685352623,0.14901081109954462,0.9480443692417102,0.14203382061772785,0.9047269880474573,0.01750242739182885,0.8034188034188037,0.9943289224952743,Weekly trend/position supportive | RS20 > VNINDEX | RS20 > sector median | Holds better on VNINDEX down-days | Recent spread contraction | Recent volume contraction,Latest bar is provisional; intraday signal only | Market Gate = FAIL | Visible T1/R:R not sufficiently anchored by scanner,ALGO_CANDIDATE_ONLY,Scanner output cannot CONFIRM LPS/BUEC/Spring/JAC/Phase. Method-Locked review and Action-Test/follow-through remain required.,READY,STATE_UPGRADE_OR_MATERIAL_SCORE_CHANGE
SBG,CTCP Tập đoàn Cơ khí Công nghệ cao Siba,"SX Thiết bị, máy móc",2026-09-28,True,MARKUP_READY_WATCH,WATCH,P3,65,25,20,5,5,4,6,FAIL,1.0,14.4,13.55,13.48225,,,14.55,0.16344320348678876,FAIL_RR,298120.0,PASS,0.031149301825993625,0.0627306273062731,LOW,MEDIUM,1.3846153846153817,0.7777777777777782,1.8080895008605853,0.021739130434782483,0.1898734177215189,0.025255913304142452,0.23014201842796678,0.0026306362781534087,0.11812511465786091,0.00929468110127174,0.1898734177215189,0.46722164412070755,Weekly trend/position supportive | RS20 > VNINDEX | RS20 > sector median | Holds better on VNINDEX down-days | Recent spread contraction,Latest bar is provisional; intraday signal only | Market Gate = FAIL | Reversal risk MEDIUM | R:R to visible T1 < 1.5R,ALGO_CANDIDATE_ONLY,Scanner output cannot CONFIRM LPS/BUEC/Spring/JAC/Phase. Method-Locked review and Action-Test/follow-through remain required.,TRIGGERED_PROVISIONAL,STATE_UPGRADE_OR_MATERIAL_SCORE_CHANGE
CHP,CTCP Thủy điện Miền Trung,Tiện ích,2026-09-28,True,REACCUMULATION_LEADERSHIP_WATCH,WATCH,P3,59,20,20,10,5,0,4,FAIL,0.375,26.4,25.9,25.7705,,,26.85,0.7148530579825302,FAIL_RR,6120.0,CAUTION,0.014311785611372585,0.019305019305019266,LOW,LOW,0.4999999999999867,1.0,6.375,-0.00189753320683117,0.011149557862360604,0.0016192496625287989,0.05141815856880849,0.006258060651683717,0.019469743510040383,0.011056859283858174,0.011149557862360604,-0.0034103827207275783,Weekly trend/position supportive | RS20 > VNINDEX | RS20 > sector median | Holds better on VNINDEX down-days,Latest bar is provisional; intraday signal only | Market Gate = FAIL | ADV20 liquidity caution | R:R to visible T1 < 1.5R,ALGO_CANDIDATE_ONLY,Scanner output cannot CONFIRM LPS/BUEC/Spring/JAC/Phase. Method-Locked review and Action-Test/follow-through remain required.,,STATE_UPGRADE_OR_MATERIAL_SCORE_CHANGE
HDB,Ngân hàng TMCP Phát triển Thành phố Hồ Chí Minh,Ngân hàng,2026-09-28,True,LPS_CANDIDATE,WATCH,P3,59,20,20,8,5,0,6,FAIL,0.43478260869565216,27.5,26.5,26.3675,,,28.65,1.015452538631345,FAIL_RR,11179670.0,PASS,0.002004008016031955,0.037735849056603765,LOW,LOW,0.8571428571428552,0.11111111111111287,1.024829272032459,0.029629629629629672,0.07543520309477758,0.03314641249898964,0.11570380380122547,0.055515188212736044,0.14816247582205033,0.004847500193879917,0.03153988868274582,0.09881422924901195,Weekly trend/position supportive | RS20 > VNINDEX | RS20 > sector median | Holds better on VNINDEX down-days | Higher-support pullback / LPS-like test,Latest bar is provisional; intraday signal only | Market Gate = FAIL | R:R to visible T1 < 1.5R,ALGO_CANDIDATE_ONLY,Scanner output cannot CONFIRM LPS/BUEC/Spring/JAC/Phase. Method-Locked review and Action-Test/follow-through remain required.,,STATE_UPGRADE_OR_MATERIAL_SCORE_CHANGE
CTF,CTCP City Auto,Bán lẻ,2026-09-28,True,REACCUMULATION_LEADERSHIP_WATCH,WATCH,P3,57,20,10,17,0,0,10,FAIL,0.5384615384615384,19.25,18.05,17.95975,,,21.4,1.6663437318349141,FAIL_MARKET,288320.0,PASS,-0.06269020085209986,0.06648199445983383,LOW,LOW,0.6086956521739144,0.8571428571428557,0.7104207932750375,-0.06341463414634152,0.11304347826086958,-0.05989785127698155,0.15331207896731747,-0.026794915836482414,0.12134583147258199,0.008239397778186528,0.16363636363636358,0.04632152588555849,Weekly trend/position supportive | Holds better on VNINDEX down-days | Recent volume contraction,Latest bar is provisional; intraday signal only | Market Gate = FAIL,ALGO_CANDIDATE_ONLY,Scanner output cannot CONFIRM LPS/BUEC/Spring/JAC/Phase. Method-Locked review and Action-Test/follow-through remain required.,,STATE_UPGRADE_OR_MATERIAL_SCORE_CHANGE
