industry_name,stock_count,median_ret_4w,median_ret_12w,median_ret_26w,median_ret_52w,breadth_above_ma20w,breadth_above_ma40w,median_rs_12w_vs_vnindex,median_rs_26w_vs_vnindex
Bán buôn,23,-0.026225769669327215,-0.07775377969762409,-0.15306122448979587,-0.2600040146972831,0.21739130434782608,0.13043478260869565,-0.059838936871157156,-0.15469869387708535
Bán lẻ,13,-0.005988023952095856,-0.05726209128112458,-0.04258389632529358,-0.09911155850594316,0.3076923076923077,0.23076923076923078,-0.03894919274117353,-0.0444349623125852
Bảo hiểm,5,0.03637269556552081,0.047655068078668705,-0.06893464637421665,0.020728643216080478,0.6,0.4,0.06800600632900622,-0.07073476588487393
Bất động sản,60,-0.06559139784946244,-0.12414383561643832,-0.27124165991029514,-0.37669902912621367,0.13333333333333333,0.11666666666666667,-0.10713013018929202,-0.27265063952857976
Chăm sóc sức khỏe,12,0.0004801038062282603,-0.02721918527629491,-0.07088462582968619,-0.09673053773029355,0.3333333333333333,0.16666666666666666,-0.008322696446377287,-0.07268097525476408
Chế biến Thủy sản,10,-0.005482308924751489,-0.0738998570490284,-0.16830065359477125,-0.24624861137605614,0.2,0.1,-0.05591015089756751,-0.1699086591065591
Chứng khoán,21,-0.0744186046511629,-0.13372412758724123,-0.1828031103337201,-0.34410019775873435,0.0,0.09523809523809523,-0.11689652151307717,-0.18438307683060257
Công nghệ và thông tin,8,-0.06039823008849565,-0.1310328687330976,-0.20087589700295488,-0.23947267611439432,0.125,0.125,-0.1141529843428874,-0.20242092161764985
"Dịch vụ lưu trú, ăn uống, giải trí",5,-0.037575757575757485,-0.13970588235294124,-0.15625,-0.15625,0.0,0.0,-0.12299447322715706,-0.15788130421640367
Dịch vụ truyền thông,1,0.013110846245530272,-0.02298850574712641,-0.0023474178403755097,-0.07908992416034677,1.0,0.0,-0.0040098350040214115,-0.004276276938192436
"Dịch vụ tư vấn, hỗ trợ",1,-0.015533980582524198,-0.03428571428571425,-0.313937753721245,-0.23759398496240602,0.0,0.0,-0.01552649439086573,-0.3152641848146611
Giải trí & Truyền thông,1,0.08936170212765959,-0.0339622641509435,-0.20661157024793386,-0.40046838407494145,0.0,0.0,-0.015196761163576822,-0.20814550552580102
Khai khoáng,9,-0.0014306151645206988,-0.06393861892583119,-0.007444168734491274,0.17425917735515273,0.4444444444444444,0.5555555555555556,-0.04575541345563572,-0.009363173786413603
Ngân hàng,23,-0.020588235294117574,-0.056154822335025334,-0.03111587982832631,-0.1015992474129821,0.30434782608695654,0.2608695652173913,-0.03782041484366916,-0.032989118051073074
Nông - Lâm - Ngư,6,-0.02803322197259822,-0.07546082949308747,-0.1301907968574635,-0.1741434655479277,0.16666666666666666,0.16666666666666666,-0.05750144558678855,-0.1318724838744153
SX Hàng gia dụng,17,-0.015228426395939132,-0.03188775510204078,-0.09403669724770647,-0.1765285996055228,0.17647058823529413,0.11764705882352941,-0.013081954304029808,-0.09578828451370569
SX Nhựa - Hóa chất,26,0.006173682862266161,-0.00763788934308246,-0.00927539906400865,0.02220816147981497,0.4230769230769231,0.34615384615384615,0.011638970619033517,-0.011190863619625513
SX Phụ trợ,18,-0.014760944700460799,-0.0063253898205354875,-0.028957351771400686,-0.042647900591331944,0.4444444444444444,0.3888888888888889,0.01297696574366447,-0.030834763287090283
"SX Thiết bị, máy móc",2,0.011807973048849008,0.060753281805913384,0.20595611285266457,0.09315695221273673,0.5,0.5,0.0813586558403891,0.20362452021065652
Sản phẩm cao su,4,-0.010552891601278647,-0.08960321916526293,-0.08023436409325702,-0.117531508727522,0.0,0.0,-0.07191855439859318,-0.08201263675691078
Thiết bị điện,8,-0.009686266289347711,-0.08759156702328513,-0.1479916707764809,-0.12480667737032974,0.125,0.125,-0.0698678254557007,-0.14963894162670122
Thuốc lá,1,0.0,0.018867924528301883,0.006711409395973034,0.11731843575418988,1.0,1.0,0.038659665960290246,0.004765035983410826
Thực phẩm - Đồ uống,18,-0.0070567004605156525,-0.01879964695498676,-0.01794871794871794,-0.0013409493070638545,0.4444444444444444,0.3888888888888889,0.0002603933239660461,-0.019847413530507396
Tiện ích,33,-0.003597122302158362,-0.010714285714285787,-0.03076923076923077,-0.032258064516129115,0.36363636363636365,0.24242424242424243,0.00850281454781876,-0.03264313920243289
Tài chính khác,1,-0.004716981132075526,-0.16600790513833985,-0.29431438127090315,-0.49156626506024104,0.0,0.0,-0.14980741879417903,-0.2956787521453188
Vận tải - kho bãi,35,0.01754385964912286,-0.02083333333333337,-0.017038007863695914,-0.040296924708377535,0.3142857142857143,0.34285714285714286,-0.001812797875353933,-0.01893846421016876
Vật liệu xây dựng,18,-0.023174984279425992,-0.06343347394823845,-0.1432203835040715,-0.2531599059376837,0.3333333333333333,0.1111111111111111,-0.04524045592183079,-0.14487687914960456
Xây dựng,27,-0.06216216216216208,-0.08999999999999997,-0.20732488154693307,-0.16334300217548947,0.25925925925925924,0.25925925925925924,-0.07232304279139268,-0.20885743771045395
