symbol,company,industry,as_of,is_provisional,setup_family,alert_status,priority,alert_priority_score,score_structure,score_rs,score_test_quality,score_readiness,score_market_sector,score_risk_execution,market_gate,sector_breadth_ma20d,price,support_proxy,stop_proxy,breakout_level,breakout_days_ago,visible_t1,rr_to_visible_t1,buy_at_market_gate,adv20,liquidity_gate,extension_vs_ma20d,distance_from_support,extension_risk,reversal_risk,spread_ratio,close_location,volume_pace_proxy,ret_20d,ret_60d,rs_20d_vs_vnindex,rs_60d_vs_vnindex,rs_20d_vs_sector,rs_60d_vs_sector,down_market_defense_proxy,weekly_ret_12w,weekly_ret_26w,evidence,counter_evidence,method_status,method_note
SMB,CTCP Bia Sài Gòn - Miền Trung,Thực phẩm - Đồ uống,2026-09-28,True,BUEC_CANDIDATE,TRIGGERED_PROVISIONAL,P2,87,25,20,20,14,0,8,FAIL,0.2777777777777778,40.6,40.05,39.84975,40.2,17.0,41.9,1.7327557480839655,FAIL_MARKET,6860.0,CAUTION,0.0052615289384092545,0.013732833957553092,LOW,LOW,0.16666666666668048,1.0,0.8,0.011221945137156908,0.04107830551989711,0.014738728006516877,0.081346906226345,0.03196835973950374,0.06480014778877657,0.011293790517972592,0.04780361757105922,0.05902324366675371,Weekly trend/position supportive | RS20 > VNINDEX | RS20 > sector median | Holds better on VNINDEX down-days | Recent spread contraction | Recent volume contraction | Pullback holds recent breakout zone | Higher-support pullback / LPS-like test,Latest bar is provisional; intraday signal only | Market Gate = FAIL | ADV20 liquidity caution,ALGO_CANDIDATE_ONLY,Scanner output cannot CONFIRM LPS/BUEC/Spring/JAC/Phase. Method-Locked review and Action-Test/follow-through remain required.
STB,Ngân hàng TMCP Sài Gòn Tài Lộc,Ngân hàng,2026-09-28,True,BUEC_CANDIDATE,TRIGGERED_PROVISIONAL,P2,85,25,20,20,14,0,6,FAIL,0.43478260869565216,77.4,75.6,75.222,76.6,15.0,78.2,0.3673094582185459,FAIL_RR,3323725.0,PASS,0.014150943396226134,0.023809523809523947,LOW,LOW,0.8965517241379372,0.6153846153846187,0.8560891787694032,0.030997304582210283,0.03658536585365857,0.03451408745157025,0.07685396656010646,0.056882863165316655,0.10931263858093132,0.006336332167357588,0.0625,0.27712854757929883,Weekly trend/position supportive | RS20 > VNINDEX | RS20 > sector median | Holds better on VNINDEX down-days | Recent spread contraction | Recent volume contraction | Pullback holds recent breakout zone | Higher-support pullback / LPS-like test,Latest bar is provisional; intraday signal only | Market Gate = FAIL | R:R to visible T1 < 1.5R,ALGO_CANDIDATE_ONLY,Scanner output cannot CONFIRM LPS/BUEC/Spring/JAC/Phase. Method-Locked review and Action-Test/follow-through remain required.
VPI,CTCP Phát triển Bất động sản Văn Phú,Bất động sản,2026-09-28,True,LPS_CANDIDATE,TRIGGERED_PROVISIONAL,P2,81,25,20,20,10,0,6,FAIL,0.18333333333333332,61.9,59.0,58.705,,,63.4,0.4694835680751173,FAIL_RR,2085710.0,PASS,0.012249121213450342,0.04915254237288136,LOW,LOW,0.6470588235294105,1.0,0.6016135418728964,0.05099846390168983,0.10354838709677439,0.0545152467710498,0.14381698780322227,0.1220863457746007,0.2858793049711705,0.008129538253027202,0.11252032520325206,0.189913043478261,Weekly trend/position supportive | RS20 > VNINDEX | RS20 > sector median | Holds better on VNINDEX down-days | Recent volume contraction | Higher-support pullback / LPS-like test,Latest bar is provisional; intraday signal only | Market Gate = FAIL | R:R to visible T1 < 1.5R,ALGO_CANDIDATE_ONLY,Scanner output cannot CONFIRM LPS/BUEC/Spring/JAC/Phase. Method-Locked review and Action-Test/follow-through remain required.
TVS,CTCP Chứng khoán Thiên Việt,Chứng khoán,2026-09-28,True,LPS_CANDIDATE,READY,P2,79,25,20,15,9,0,10,FAIL,0.14285714285714285,14.75,14.1,14.029499999999999,15.25,3.0,15.95,1.6655100624566235,FAIL_MARKET,208765.0,PASS,0.01935038009675205,0.046099290780141855,LOW,LOW,0.9411764705882365,0.37500000000000056,0.41444695259593684,0.07499999999999996,0.08821402747650042,0.07851678286935992,0.1284826281829483,0.14923580786026192,0.24474463972139843,0.009322171602460032,0.09216255442670551,0.22060016220600165,Weekly trend/position supportive | RS20 > VNINDEX | RS20 > sector median | Holds better on VNINDEX down-days | Recent spread contraction | Higher-support pullback / LPS-like test,Latest bar is provisional; intraday signal only | Market Gate = FAIL,ALGO_CANDIDATE_ONLY,Scanner output cannot CONFIRM LPS/BUEC/Spring/JAC/Phase. Method-Locked review and Action-Test/follow-through remain required.
BSR,CTCP - Tổng Công ty Lọc hóa dầu Việt Nam,SX Phụ trợ,2026-09-28,True,LPS_CANDIDATE,TRIGGERED_PROVISIONAL,P2,78,25,20,15,14,0,4,FAIL,0.42105263157894735,31.3,29.8,29.651,30.45,7.0,31.8,0.3032140691328076,FAIL_RR,12629750.0,PASS,0.0906873421029708,0.05033557046979875,MEDIUM,LOW,1.230769230769232,0.75,0.8602285175146122,0.13857677902621712,0.2730318257956448,0.1420935618955771,0.31330042650209267,0.14566897760777742,0.2940108467746658,0.009483013849555624,0.24488124488124474,0.11396115793330885,Weekly trend/position supportive | RS20 > VNINDEX | RS20 > sector median | Holds better on VNINDEX down-days | Recent volume contraction | Higher-support pullback / LPS-like test,Latest bar is provisional; intraday signal only | Market Gate = FAIL | R:R to visible T1 < 1.5R,ALGO_CANDIDATE_ONLY,Scanner output cannot CONFIRM LPS/BUEC/Spring/JAC/Phase. Method-Locked review and Action-Test/follow-through remain required.
TLG,CTCP Tập đoàn Thiên Long,SX Phụ trợ,2026-09-28,True,LPS_CANDIDATE,TRIGGERED_PROVISIONAL,P2,75,20,20,20,9,0,6,FAIL,0.42105263157894735,52.9,49.0,48.755,53.9,5.0,55.3,0.5790108564535588,FAIL_RR,216245.0,PASS,0.010264979708761057,0.07959183673469394,LOW,LOW,0.6923076923076927,0.8888888888888872,0.822478322906377,0.019230769230769162,0.10072689511941846,0.02274755210012913,0.14099549582586635,0.026322967812329456,0.1217059160984395,0.012422367954320859,0.09075941551759614,0.10762800417972818,Weekly trend/position supportive | RS20 > VNINDEX | RS20 > sector median | Holds better on VNINDEX down-days | Higher-support pullback / LPS-like test,Latest bar is provisional; intraday signal only | Market Gate = FAIL | R:R to visible T1 < 1.5R,ALGO_CANDIDATE_ONLY,Scanner output cannot CONFIRM LPS/BUEC/Spring/JAC/Phase. Method-Locked review and Action-Test/follow-through remain required.
ADP,CTCP Sơn Á Đông,SX Nhựa - Hóa chất,2026-09-28,True,MARKUP_READY_WATCH,WATCH,P2,73,25,20,17,5,2,4,FAIL,0.52,24.5,23.7,23.5815,,,24.8,0.3266194882961352,FAIL_RR,3120.0,CAUTION,0.027900146842878115,0.03375527426160341,LOW,LOW,0.5714285714285671,1.0,0.6974358974358975,0.043010752688172005,0.0923423423423424,0.046527535557531974,0.1326109430487903,0.039550545075715204,0.0892935618545374,0.007840078469054839,0.08744394618834073,0.14010343206393983,Weekly trend/position supportive | RS20 > VNINDEX | RS20 > sector median | Holds better on VNINDEX down-days | Recent volume contraction,Latest bar is provisional; intraday signal only | Market Gate = FAIL | ADV20 liquidity caution | R:R to visible T1 < 1.5R,ALGO_CANDIDATE_ONLY,Scanner output cannot CONFIRM LPS/BUEC/Spring/JAC/Phase. Method-Locked review and Action-Test/follow-through remain required.
LHG,CTCP Long Hậu,Bất động sản,2026-09-28,True,BUEC_CANDIDATE,READY,P2,73,25,20,10,14,0,4,FAIL,0.18333333333333332,26.8,26.1,25.9695,27.05,2.0,27.4,0.7224563515954213,FAIL_RR,64235.0,CAUTION,0.007613497509164624,0.026819923371647514,LOW,LOW,1.176470588235297,0.10000000000000142,0.28423855165069223,0.05212355212355213,0.04646697388632881,0.0556403349929121,0.0867355745927767,0.123211433996463,0.2287978917607249,0.008102396790224311,0.024821361414065546,0.03928299008390557,Weekly trend/position supportive | RS20 > VNINDEX | RS20 > sector median | Holds better on VNINDEX down-days | Recent volume contraction | Pullback holds recent breakout zone | Higher-support pullback / LPS-like test,Latest bar is provisional; intraday signal only | Market Gate = FAIL | ADV20 liquidity caution | R:R to visible T1 < 1.5R,ALGO_CANDIDATE_ONLY,Scanner output cannot CONFIRM LPS/BUEC/Spring/JAC/Phase. Method-Locked review and Action-Test/follow-through remain required.
AST,CTCP Dịch vụ Hàng không Taseco,Vận tải - kho bãi,2026-09-28,True,LPS_CANDIDATE,READY,P2,72,20,20,15,9,0,8,FAIL,0.5142857142857142,63.1,61.0,60.695,66.0,10.0,67.9,1.9958419958419966,FAIL_MARKET,13675.0,CAUTION,-0.011901033510804737,0.03442622950819674,LOW,LOW,0.16666666666666272,0.0,0.40249221183800626,0.006379585326953707,0.03646517739816035,0.009896368196313676,0.07673377810460824,0.016511297586325524,0.06680103871993714,0.010307922902058422,0.012841091492777013,0.08214714457211447,Weekly trend/position supportive | RS20 > VNINDEX | RS20 > sector median | Holds better on VNINDEX down-days | Recent spread contraction | Recent volume contraction | Higher-support pullback / LPS-like test,Latest bar is provisional; intraday signal only | Market Gate = FAIL | ADV20 liquidity caution,ALGO_CANDIDATE_ONLY,Scanner output cannot CONFIRM LPS/BUEC/Spring/JAC/Phase. Method-Locked review and Action-Test/follow-through remain required.
CLC,CTCP Cát Lợi,SX Phụ trợ,2026-09-28,True,LPS_CANDIDATE,READY,P2,72,25,20,10,9,0,8,FAIL,0.42105263157894735,54.1,54.0,53.73,55.5,9.0,57.1,8.10810810810801,FAIL_MARKET,795.0,CAUTION,0.009328358208955168,0.0018518518518517713,LOW,LOW,,,0.41212121212121217,0.02857142857142847,0.047729918509895164,0.03208821144078844,0.08799851921634305,0.035663627152988764,0.06870893948891621,0.011304596864109662,0.02857142857142847,0.047729918509895164,Weekly trend/position supportive | RS20 > VNINDEX | RS20 > sector median | Holds better on VNINDEX down-days | Recent spread contraction | Recent volume contraction | Higher-support pullback / LPS-like test,Latest bar is provisional; intraday signal only | Market Gate = FAIL | ADV20 liquidity caution,ALGO_CANDIDATE_ONLY,Scanner output cannot CONFIRM LPS/BUEC/Spring/JAC/Phase. Method-Locked review and Action-Test/follow-through remain required.
ASP,CTCP Tập đoàn Dầu khí An Pha,Tiện ích,2026-09-28,True,BUEC_CANDIDATE,TRIGGERED_PROVISIONAL,P2,71,20,20,20,9,0,2,FAIL,0.375,16.3,14.85,14.77575,15.95,4.0,17.0,0.45924225028702587,FAIL_RR,219840.0,PASS,0.10153742186180104,0.09764309764309775,HIGH,LOW,0.7199999999999999,0.7777777777777821,0.4423300970873787,0.3012048192771084,0.7940199335548173,0.3047216021464684,0.8342885342612651,0.3093604131356233,0.802340119202497,0.020480450184059418,0.7880794701986753,2.312883435582822,Weekly trend/position supportive | RS20 > VNINDEX | RS20 > sector median | Holds better on VNINDEX down-days | Pullback holds recent breakout zone | Higher-support pullback / LPS-like test,Latest bar is provisional; intraday signal only | Market Gate = FAIL | Extension risk HIGH | R:R to visible T1 < 1.5R,ALGO_CANDIDATE_ONLY,Scanner output cannot CONFIRM LPS/BUEC/Spring/JAC/Phase. Method-Locked review and Action-Test/follow-through remain required.
SRF,CTCP SEAREFICO,Xây dựng,2026-09-28,True,BUEC_CANDIDATE,READY,P2,71,20,20,15,14,0,2,FAIL,0.23076923076923078,7.95,7.37,7.33315,7.9,1.0,8.09,0.22695955256545286,FAIL_RR,43535.0,CAUTION,0.08896650914320947,0.07869742198100416,MEDIUM,LOW,0.08823529411764772,0.0,0.12847503373819164,0.09315068493150691,-0.0012515644555693983,0.09666746780086688,0.03901703625087849,0.157625061905884,0.10190703769496828,0.017852115718491688,0.023076923076923217,0.10987482614742694,Weekly trend/position supportive | RS20 > VNINDEX | RS20 > sector median | Holds better on VNINDEX down-days | Pullback holds recent breakout zone,Latest bar is provisional; intraday signal only | Market Gate = FAIL | ADV20 liquidity caution | R:R to visible T1 < 1.5R,ALGO_CANDIDATE_ONLY,Scanner output cannot CONFIRM LPS/BUEC/Spring/JAC/Phase. Method-Locked review and Action-Test/follow-through remain required.
PVT,Tổng Công ty cổ phần Vận tải Dầu khí,Vận tải - kho bãi,2026-09-28,True,LPS_CANDIDATE,READY,P2,70,20,20,15,9,0,6,FAIL,0.5142857142857142,23.15,22.25,22.138749999999998,23.7,3.0,24.35,1.1866501854140938,FAIL_RR,6517075.0,PASS,0.059133020702275996,0.04044943820224711,LOW,LOW,0.666666666666668,0.24999999999999703,0.7416109067812884,0.1435643564356437,0.16372795969773302,0.14708113930500366,0.2039965604041809,0.1536960686950155,0.1940638210195098,0.008617007805425514,0.16666666666666674,0.13793103448275867,Weekly trend/position supportive | RS20 > VNINDEX | RS20 > sector median | Holds better on VNINDEX down-days | Higher-support pullback / LPS-like test,Latest bar is provisional; intraday signal only | Market Gate = FAIL | R:R to visible T1 < 1.5R,ALGO_CANDIDATE_ONLY,Scanner output cannot CONFIRM LPS/BUEC/Spring/JAC/Phase. Method-Locked review and Action-Test/follow-through remain required.
S4A,CTCP Thủy điện Sê San 4A,Tiện ích,2026-09-25,False,MARKUP_READY_WATCH,WATCH,P2,70,25,20,12,5,0,8,FAIL,0.375,32.6,31.5,31.3425,,,34.6,1.5904572564612323,FAIL_MARKET,1180.0,CAUTION,0.010539367637941721,0.03492063492063502,LOW,LOW,,1.0,1.0,0.0030769230769231992,0.033935934031081416,0.006593705946283168,0.0742045347375293,0.011232516935438086,0.042256119678761195,0.009135979936013006,-0.009118541033434568,0.02774274905422458,Weekly trend/position supportive | RS20 > VNINDEX | RS20 > sector median | Holds better on VNINDEX down-days | Recent spread contraction | Recent volume contraction,Market Gate = FAIL | ADV20 liquidity caution,ALGO_CANDIDATE_ONLY,Scanner output cannot CONFIRM LPS/BUEC/Spring/JAC/Phase. Method-Locked review and Action-Test/follow-through remain required.
TDM,CTCP Nước Thủ Dầu Một,Tiện ích,2026-09-23,False,LPS_CANDIDATE,EOD_CANDIDATE,P2,69,20,20,20,5,0,4,FAIL,0.375,59.0,57.1,56.8145,,,60.2,0.549073438572411,FAIL_RR,7080.0,CAUTION,0.002634038575920039,0.03327495621716281,LOW,LOW,0.26086956521738913,1.0,0.45454545454545453,0.027874564459930307,0.03818405771599509,0.031391347329290276,0.07845265842244298,0.03603015831844519,0.04650424336367487,0.003134906661679001,0.029488745419647522,0.16785431512272364,Weekly trend/position supportive | RS20 > VNINDEX | RS20 > sector median | Holds better on VNINDEX down-days | Higher-support pullback / LPS-like test,Market Gate = FAIL | ADV20 liquidity caution | R:R to visible T1 < 1.5R,ALGO_CANDIDATE_ONLY,Scanner output cannot CONFIRM LPS/BUEC/Spring/JAC/Phase. Method-Locked review and Action-Test/follow-through remain required.
LAF,CTCP Chế biến hàng Xuất khẩu Long An,Thực phẩm - Đồ uống,2026-09-28,True,LPS_CANDIDATE,READY,P2,68,20,20,15,9,0,4,FAIL,0.2777777777777778,19.1,18.5,18.4075,20.0,0.0,19.85,1.0830324909747253,FAIL_RR,3920.0,CAUTION,-0.017868620645327016,0.032432432432432545,LOW,LOW,0.0,,0.05271317829457364,0.05128205128205132,0.2058823529411764,0.05479883415141129,0.2461509536476243,0.07202846588439815,0.22960419521005587,0.009446786973052169,-0.06818181818181823,0.18497109826589586,Weekly trend/position supportive | RS20 > VNINDEX | RS20 > sector median | Holds better on VNINDEX down-days | Recent volume contraction | Higher-support pullback / LPS-like test,Latest bar is provisional; intraday signal only | Market Gate = FAIL | ADV20 liquidity caution | R:R to visible T1 < 1.5R,ALGO_CANDIDATE_ONLY,Scanner output cannot CONFIRM LPS/BUEC/Spring/JAC/Phase. Method-Locked review and Action-Test/follow-through remain required.
HTV,CTCP Logistics Vicem,Vận tải - kho bãi,2026-09-28,True,LPS_CANDIDATE,WATCH,P3,67,20,20,10,9,0,8,FAIL,0.5142857142857142,11.9,11.1,11.0445,12.8,16.0,13.35,1.6949152542372852,FAIL_MARKET,6760.0,CAUTION,-0.058507061197040855,0.07207207207207222,LOW,LOW,1.016949152542371,0.0,0.19883040935672516,0.015372168284789822,0.2741116751269037,0.01888895115414979,0.3143802758333516,0.02550388054416164,0.3044475364486805,0.000555793160252375,0.008032128514056325,0.13987284287011814,Weekly trend/position supportive | RS20 > VNINDEX | RS20 > sector median | Holds better on VNINDEX down-days | Recent volume contraction | Higher-support pullback / LPS-like test,Latest bar is provisional; intraday signal only | Market Gate = FAIL | ADV20 liquidity caution,ALGO_CANDIDATE_ONLY,Scanner output cannot CONFIRM LPS/BUEC/Spring/JAC/Phase. Method-Locked review and Action-Test/follow-through remain required.
AAM,CTCP Thủy sản MeKong,Chế biến Thủy sản,2026-09-28,True,MARKUP_READY_WATCH,WATCH,P3,65,25,16,10,9,0,5,FAIL,0.1,7.75,7.48,7.4426000000000005,7.75,11.0,,,FAIL_MARKET,6190.0,CAUTION,0.03264490339773496,0.03609625668449201,LOW,MEDIUM,0.9302325581395344,1.0,8.479012345679012,0.03434065934065944,0.2086677367576244,0.03785744221001941,0.2489363374640723,0.08365897587889304,0.35591132650121415,-0.0030151195761232786,0.2028753993610224,0.27627118644067794,Weekly trend/position supportive | RS20 > VNINDEX | RS20 > sector median | Recent spread contraction,Latest bar is provisional; intraday signal only | Market Gate = FAIL | Reversal risk MEDIUM | ADV20 liquidity caution | Visible T1/R:R not sufficiently anchored by scanner,ALGO_CANDIDATE_ONLY,Scanner output cannot CONFIRM LPS/BUEC/Spring/JAC/Phase. Method-Locked review and Action-Test/follow-through remain required.
BVH,Tập đoàn Bảo Việt,Bảo hiểm,2026-09-28,True,JAC_SOS_BREAKOUT_CANDIDATE,WATCH,P3,65,15,20,5,15,4,6,FAIL,0.6,73.6,68.2,67.85900000000001,70.2,7.0,88.5,2.595366660860485,FAIL_EXTENSION,661460.0,PASS,0.1046904315196997,0.07917888563049846,HIGH,LOW,2.8235294117646994,1.0,5.711178756156111,0.08176100628930816,0.06501547987616108,0.08527778915866813,0.10528408058260896,0.07473524516518637,0.08606811145510851,0.016071318735688473,0.1043338683788122,-0.18095238095238098,RS20 > VNINDEX | RS20 > sector median | Holds better on VNINDEX down-days | Recent spread contraction | Breakout progress / JAC-SOS-like trigger,Latest bar is provisional; intraday signal only | Market Gate = FAIL | Extension risk HIGH,ALGO_CANDIDATE_ONLY,Scanner output cannot CONFIRM LPS/BUEC/Spring/JAC/Phase. Method-Locked review and Action-Test/follow-through remain required.
SBG,CTCP Tập đoàn Cơ khí Công nghệ cao Siba,"SX Thiết bị, máy móc",2026-09-28,True,MARKUP_READY_WATCH,WATCH,P3,65,25,20,5,5,4,6,FAIL,1.0,14.4,13.55,13.48225,,,14.55,0.16344320348678876,FAIL_RR,298120.0,PASS,0.031149301825993625,0.0627306273062731,LOW,MEDIUM,1.3846153846153817,0.7777777777777782,1.3265060240963855,0.021739130434782483,0.1898734177215189,0.025255913304142452,0.23014201842796678,0.0026306362781534087,0.11812511465786091,0.00929468110127174,0.1898734177215189,0.46722164412070755,Weekly trend/position supportive | RS20 > VNINDEX | RS20 > sector median | Holds better on VNINDEX down-days | Recent spread contraction,Latest bar is provisional; intraday signal only | Market Gate = FAIL | Reversal risk MEDIUM | R:R to visible T1 < 1.5R,ALGO_CANDIDATE_ONLY,Scanner output cannot CONFIRM LPS/BUEC/Spring/JAC/Phase. Method-Locked review and Action-Test/follow-through remain required.
DRL,CTCP Thủy điện - Điện Lực 3,Tiện ích,2026-09-28,True,BUEC_CANDIDATE,WATCH,P3,63,15,20,15,9,0,4,FAIL,0.375,42.9,41.8,41.590999999999994,41.8,13.0,43.95,0.8021390374331555,FAIL_RR,7585.0,CAUTION,0.01845806872811462,0.026315789473684292,LOW,LOW,0.3636363636363707,0.0,0.21587301587301586,0.03623188405797095,-0.0018613308515588178,0.03974866692733092,0.03840726985488907,0.04438747791648584,0.006458854796120961,0.010080847462623816,0.00941176470588223,-0.023890784982935287,RS20 > VNINDEX | RS20 > sector median | Holds better on VNINDEX down-days | Recent spread contraction | Recent volume contraction | Pullback holds recent breakout zone,Latest bar is provisional; intraday signal only | Market Gate = FAIL | ADV20 liquidity caution | R:R to visible T1 < 1.5R,ALGO_CANDIDATE_ONLY,Scanner output cannot CONFIRM LPS/BUEC/Spring/JAC/Phase. Method-Locked review and Action-Test/follow-through remain required.
MCP,CTCP In và Bao bì Mỹ Châu,SX Phụ trợ,2026-09-28,True,REACCUMULATION_LEADERSHIP_WATCH,WATCH,P3,63,20,20,10,5,0,8,FAIL,0.42105263157894735,28.25,27.7,27.5615,,,29.5,1.8155410312273026,FAIL_MARKET,33970.0,CAUTION,0.008478357875948417,0.019855595667870096,LOW,LOW,1.0,0.7499999999999956,1.3282798833819243,0.007117437722419906,0.010714285714285676,0.010634220591779875,0.050982886420733564,0.0142096363039802,0.03169330669330672,0.008603553013596079,0.010714285714285676,0.0253623188405796,Weekly trend/position supportive | RS20 > VNINDEX | RS20 > sector median | Holds better on VNINDEX down-days,Latest bar is provisional; intraday signal only | Market Gate = FAIL | ADV20 liquidity caution,ALGO_CANDIDATE_ONLY,Scanner output cannot CONFIRM LPS/BUEC/Spring/JAC/Phase. Method-Locked review and Action-Test/follow-through remain required.
PGC,Tổng Công ty Gas Petrolimex - CTCP,Tiện ích,2026-09-28,True,REACCUMULATION_LEADERSHIP_WATCH,WATCH,P3,63,25,20,10,4,0,4,FAIL,0.375,14.2,13.5,13.4325,14.35,9.0,14.5,0.39087947882736246,FAIL_RR,85590.0,CAUTION,0.009957325746799306,0.051851851851851816,LOW,LOW,0.6315789473684192,1.0,1.8343434343434344,0.09727626459143979,0.15573770491803285,0.10079304746079976,0.19600630562448074,0.10543185844995467,0.16405789056571263,0.00423545512527571,0.13709677419354827,0.11462450592885376,Weekly trend/position supportive | RS20 > VNINDEX | RS20 > sector median | Holds better on VNINDEX down-days | Recent volume contraction,Latest bar is provisional; intraday signal only | Market Gate = FAIL | ADV20 liquidity caution | R:R to visible T1 < 1.5R,ALGO_CANDIDATE_ONLY,Scanner output cannot CONFIRM LPS/BUEC/Spring/JAC/Phase. Method-Locked review and Action-Test/follow-through remain required.
TMS,CTCP Transimex,Vận tải - kho bãi,2026-09-25,False,BUEC_CANDIDATE,WATCH,P3,63,15,20,10,14,0,4,FAIL,0.5142857142857142,34.9,31.45,31.292749999999998,34.03,3.0,37.35,0.6791877468986076,FAIL_RR,835.0,CAUTION,0.04949780477536514,0.10969793322734489,LOW,LOW,,,0.6666666666666666,0.07815878900216244,-0.02459474566797104,0.08167557187152241,0.015673855038476847,0.08829050126153426,0.005741115653805751,0.007814664814522268,0.0037388553350587994,-0.0321686078757627,RS20 > VNINDEX | RS20 > sector median | Holds better on VNINDEX down-days | Recent spread contraction | Recent volume contraction | Pullback holds recent breakout zone,Market Gate = FAIL | ADV20 liquidity caution | R:R to visible T1 < 1.5R,ALGO_CANDIDATE_ONLY,Scanner output cannot CONFIRM LPS/BUEC/Spring/JAC/Phase. Method-Locked review and Action-Test/follow-through remain required.
ICT,CTCP Viễn thông - Tin học Bưu điện,Công nghệ và thông tin,2026-09-28,True,MARKUP_READY_WATCH,WATCH,P3,62,25,20,0,9,0,8,FAIL,0.125,17.2,17.0,16.915,17.05,3.0,25.78,30.10526315789473,FAIL_MARKET,8550.0,CAUTION,0.009982384028185631,0.0117647058823529,LOW,LOW,,,6.852713178294574,0.0117647058823529,0.022592152199762072,0.015281488751712868,0.06286075290620996,0.06454011738519705,0.13796252257013242,0.008534887330049479,0.04878048780487809,0.02502979737783062,Weekly trend/position supportive | RS20 > VNINDEX | RS20 > sector median | Holds better on VNINDEX down-days | Recent spread contraction | Recent volume contraction,Latest bar is provisional; intraday signal only | Market Gate = FAIL | ADV20 liquidity caution,ALGO_CANDIDATE_ONLY,Scanner output cannot CONFIRM LPS/BUEC/Spring/JAC/Phase. Method-Locked review and Action-Test/follow-through remain required.
VPB,Ngân hàng TMCP Việt Nam Thịnh Vượng,Ngân hàng,2026-09-28,True,REACCUMULATION_LEADERSHIP_WATCH,WATCH,P3,62,20,20,7,9,0,6,FAIL,0.43478260869565216,22.65,21.89,21.78055,21.77,17.0,23.04,0.4485594341250238,FAIL_RR,24173625.0,PASS,0.03379812410141714,0.034719049794426526,LOW,LOW,1.456310679611649,0.2666666666666657,0.8755105388650453,0.0983763132760267,0.07376283846872078,0.10189309614538666,0.11403143917516867,0.12426187185913307,0.14649011119599353,0.0017649083228719767,0.04308390022675734,0.11596312469674919,Weekly trend/position supportive | RS20 > VNINDEX | RS20 > sector median | Holds better on VNINDEX down-days,Latest bar is provisional; intraday signal only | Market Gate = FAIL | R:R to visible T1 < 1.5R,ALGO_CANDIDATE_ONLY,Scanner output cannot CONFIRM LPS/BUEC/Spring/JAC/Phase. Method-Locked review and Action-Test/follow-through remain required.
HHP,CTCP HHP Global,SX Phụ trợ,2026-09-28,True,REACCUMULATION_LEADERSHIP_WATCH,WATCH,P3,61,20,20,5,9,0,7,FAIL,0.42105263157894735,17.65,16.85,16.76575,17.6,0.0,,,FAIL_MARKET,1089645.0,PASS,0.0448423856741158,0.047477744807121525,LOW,MEDIUM,1.0,0.4285714285714228,1.2768784696439306,0.1132075471698113,0.2976539589442815,0.11672433003917126,0.33792255965072937,0.12029974575137159,0.31863297992330253,0.010905901931392856,0.3111111111111111,0.4092356687898089,Weekly trend/position supportive | RS20 > VNINDEX | RS20 > sector median | Holds better on VNINDEX down-days,Latest bar is provisional; intraday signal only | Market Gate = FAIL | Reversal risk MEDIUM | Visible T1/R:R not sufficiently anchored by scanner,ALGO_CANDIDATE_ONLY,Scanner output cannot CONFIRM LPS/BUEC/Spring/JAC/Phase. Method-Locked review and Action-Test/follow-through remain required.
DHC,CTCP Đông Hải Bến Tre,SX Phụ trợ,2026-09-28,True,MARKUP_READY_WATCH,WATCH,P3,60,25,20,0,9,0,6,FAIL,0.42105263157894735,38.45,35.55,35.372249999999994,37.6,2.0,39.25,0.2599301437738591,FAIL_RR,426730.0,PASS,0.047683923705722275,0.08157524613220835,LOW,MEDIUM,1.5263157894736827,0.3793103448275884,1.042234552093707,0.08786610878661083,0.1470588235294117,0.0913828916559708,0.18732742423585957,0.09495830736817112,0.16803784450843273,0.012273132497673613,0.16417910447761197,0.2420382165605095,Weekly trend/position supportive | RS20 > VNINDEX | RS20 > sector median | Holds better on VNINDEX down-days | Recent volume contraction,Latest bar is provisional; intraday signal only | Market Gate = FAIL | Reversal risk MEDIUM | R:R to visible T1 < 1.5R,ALGO_CANDIDATE_ONLY,Scanner output cannot CONFIRM LPS/BUEC/Spring/JAC/Phase. Method-Locked review and Action-Test/follow-through remain required.
DMC,CTCP Xuất nhập khẩu Y Tế DOMESCO,Chăm sóc sức khỏe,2026-09-25,False,SPRING_TEST_CANDIDATE,WATCH,P3,60,15,16,15,10,0,4,FAIL,0.25,58.0,54.0,53.73,,,60.0,0.4683840749414516,FAIL_RR,1055.0,CAUTION,0.004642139541328749,0.07407407407407418,LOW,LOW,0.0,,0.5,0.008695652173912993,0.01754385964912286,0.012212435043272962,0.05781246035557075,0.052050816589249316,0.07236895472184007,-0.0005108385875011774,-0.016949152542372836,0.0034602076124568004,RS20 > VNINDEX | RS20 > sector median | Recent spread contraction | Recent volume contraction | Spring/Test sequence proxy present,Market Gate = FAIL | ADV20 liquidity caution | R:R to visible T1 < 1.5R,ALGO_CANDIDATE_ONLY,Scanner output cannot CONFIRM LPS/BUEC/Spring/JAC/Phase. Method-Locked review and Action-Test/follow-through remain required.
LGC,CTCP Đầu tư Cầu đường CII,Xây dựng,2026-04-29,False,MARKUP_READY_WATCH,WATCH,P3,60,20,16,12,9,0,3,FAIL,0.23076923076923078,64.8,56.6,56.317,61.0,0.0,,,FAIL_EXTENSION,1720.0,CAUTION,0.06763324820825423,0.14487632508833914,HIGH,LOW,0.0,,0.14285714285714285,0.1230502599653378,0.17818181818181822,0.12656704283469777,0.2184504188882661,0.18752463693971488,0.2813404203323559,,0.08180300500834714,0.19337016574585641,Weekly trend/position supportive | RS20 > VNINDEX | RS20 > sector median | Recent spread contraction | Recent volume contraction,Market Gate = FAIL | Extension risk HIGH | ADV20 liquidity caution | Visible T1/R:R not sufficiently anchored by scanner,ALGO_CANDIDATE_ONLY,Scanner output cannot CONFIRM LPS/BUEC/Spring/JAC/Phase. Method-Locked review and Action-Test/follow-through remain required.
DTL,CTCP Đại Thiên Lộc,Vật liệu xây dựng,2026-09-28,True,BUEC_CANDIDATE,WATCH,P3,59,15,14,8,14,0,8,FAIL,0.2222222222222222,10.9,10.6,10.546999999999999,10.7,3.0,11.9,2.8328611898016876,FAIL_MARKET,595.0,CAUTION,0.04581434396737838,0.028301886792452935,LOW,LOW,0.0,,1.0303030303030305,0.07499999999999996,-0.06521739130434778,0.07851678286935992,-0.024948790597899895,0.10311517295597478,0.016608332615793475,0.013949514819426209,0.12095933263816483,-0.05701754385964919,RS20 > VNINDEX | RS20 > sector median | Holds better on VNINDEX down-days | Recent spread contraction | Pullback holds recent breakout zone,Latest bar is provisional; intraday signal only | Market Gate = FAIL | ADV20 liquidity caution,ALGO_CANDIDATE_ONLY,Scanner output cannot CONFIRM LPS/BUEC/Spring/JAC/Phase. Method-Locked review and Action-Test/follow-through remain required.
SVC,CTCP Dịch vụ Tổng hợp Sài Gòn,Bán lẻ,2026-09-24,False,BUEC_CANDIDATE,WATCH,P3,59,10,20,15,14,0,0,FAIL,0.5384615384615384,19.45,15.7,15.6215,19.25,0.0,22.85,0.8880762700796662,FAIL_RR,2935.0,CAUTION,0.1463091203771918,0.23885350318471343,HIGH,LOW,0.0,,0.125,0.18237082066869292,0.19105939987752607,0.1858876035380529,0.23132800058397396,0.21899053897855203,0.19936175308923848,0.00933426452663158,0.015665796344647598,0.06692265496434446,RS20 > VNINDEX | RS20 > sector median | Holds better on VNINDEX down-days | Recent spread contraction | Pullback holds recent breakout zone,Market Gate = FAIL | Extension risk HIGH | ADV20 liquidity caution | R:R to visible T1 < 1.5R,ALGO_CANDIDATE_ONLY,Scanner output cannot CONFIRM LPS/BUEC/Spring/JAC/Phase. Method-Locked review and Action-Test/follow-through remain required.
TIX,CTCP Sản xuất Kinh doanh Xuất nhập khẩu Dịch vụ và Đầu tư Tân Bình,Bất động sản,2026-09-23,False,REACCUMULATION_LEADERSHIP_WATCH,WATCH,P3,59,25,14,12,0,0,8,FAIL,0.18333333333333332,40.65,39.0,38.805,,,47.64,3.7886178861788653,FAIL_MARKET,2000.0,CAUTION,0.022976067644764342,0.04230769230769238,LOW,LOW,,1.0,0.5333333333333333,-0.025880661394680038,0.011949215832710802,-0.02236387852532007,0.05221781653915869,0.045207220478230836,0.1942801337071069,0.024997240143923054,0.03356216628527853,-0.010948905109489093,Weekly trend/position supportive | RS20 > sector median | Holds better on VNINDEX down-days | Recent spread contraction | Recent volume contraction,Market Gate = FAIL | ADV20 liquidity caution,ALGO_CANDIDATE_ONLY,Scanner output cannot CONFIRM LPS/BUEC/Spring/JAC/Phase. Method-Locked review and Action-Test/follow-through remain required.
ACG,CTCP Gỗ An Cường,SX Phụ trợ,2026-09-28,True,SPRING_TEST_CANDIDATE,WATCH,P3,58,15,14,15,10,0,4,FAIL,0.42105263157894735,31.8,30.05,29.89975,,,34.5,1.420865675569004,FAIL_RR,7260.0,CAUTION,0.010165184243964509,0.05823627287853572,LOW,LOW,2.358974358974357,0.7826086956521752,0.6476190476190476,-0.0016025641025640969,-0.05319148936170215,0.001914218766795872,-0.012922888655254261,0.005489634478996197,-0.0322124683826811,0.006373088706714039,-0.05030487804878048,-0.09710144927536235,RS20 > VNINDEX | RS20 > sector median | Holds better on VNINDEX down-days | Recent spread contraction | Spring/Test sequence proxy present,Latest bar is provisional; intraday signal only | Market Gate = FAIL | ADV20 liquidity caution | R:R to visible T1 < 1.5R,ALGO_CANDIDATE_ONLY,Scanner output cannot CONFIRM LPS/BUEC/Spring/JAC/Phase. Method-Locked review and Action-Test/follow-through remain required.
MSB,Ngân hàng TMCP Hàng hải Việt Nam,Ngân hàng,2026-09-28,True,REACCUMULATION_LEADERSHIP_WATCH,WATCH,P3,58,15,20,10,9,0,4,FAIL,0.43478260869565216,14.25,12.65,12.58675,13.5,2.0,14.5,0.15030813166992338,FAIL_RR,7570295.0,PASS,0.0793001590547604,0.1264822134387351,HIGH,MEDIUM,1.0,0.7999999999999972,2.7593166966999765,0.07910906298003084,0.03920118343195278,0.08262584584939081,0.07946978413840067,0.10499462156313721,0.11192845615922553,0.011065358401468868,0.05243445692883908,0.4836325237592396,Weekly trend/position supportive | RS20 > VNINDEX | RS20 > sector median | Holds better on VNINDEX down-days,Latest bar is provisional; intraday signal only | Market Gate = FAIL | Extension risk HIGH | Reversal risk MEDIUM | R:R to visible T1 < 1.5R,ALGO_CANDIDATE_ONLY,Scanner output cannot CONFIRM LPS/BUEC/Spring/JAC/Phase. Method-Locked review and Action-Test/follow-through remain required.
PET,Tổng Công ty cổ phần Dịch vụ Tổng hợp Dầu khí,Bán buôn,2026-09-28,True,JAC_SOS_BREAKOUT_CANDIDATE,WATCH,P3,58,15,20,5,15,0,3,FAIL,0.30434782608695654,50.9,38.0,37.81,47.0,0.0,,,FAIL_EXTENSION,631890.0,PASS,0.2866531850353895,0.33947368421052637,HIGH,MEDIUM,1.066666666666669,0.9166666666666656,2.6718609278458474,0.22605363984674343,0.24707716289945436,0.2295704227161034,0.28734576360590225,0.275558590341793,0.33430457722967244,0.007684150971910196,0.29101667563206024,0.4962593516209477,Weekly trend/position supportive | RS20 > VNINDEX | RS20 > sector median | Holds better on VNINDEX down-days | Breakout progress / JAC-SOS-like trigger,Latest bar is provisional; intraday signal only | Market Gate = FAIL | Extension risk HIGH | Reversal risk MEDIUM | Visible T1/R:R not sufficiently anchored by scanner,ALGO_CANDIDATE_ONLY,Scanner output cannot CONFIRM LPS/BUEC/Spring/JAC/Phase. Method-Locked review and Action-Test/follow-through remain required.
TDW,CTCP Cấp nước Thủ Đức,Tiện ích,2026-09-23,False,MARKUP_READY_WATCH,WATCH,P3,58,25,20,0,9,0,4,FAIL,0.375,48.0,43.75,43.53125,47.5,0.0,50.13,0.4766433566433572,FAIL_RR,845.0,CAUTION,0.045489692125066705,0.0971428571428572,LOW,LOW,,,2.4,0.0313708637730985,0.037837837837837895,0.03488764664245847,0.07810643854428578,0.03952645763161339,0.046158023485517674,0.008414781334353175,0.022799914766673757,0.14558472553699287,Weekly trend/position supportive | RS20 > VNINDEX | RS20 > sector median | Holds better on VNINDEX down-days | Recent spread contraction,Market Gate = FAIL | ADV20 liquidity caution | R:R to visible T1 < 1.5R,ALGO_CANDIDATE_ONLY,Scanner output cannot CONFIRM LPS/BUEC/Spring/JAC/Phase. Method-Locked review and Action-Test/follow-through remain required.
DBT,CTCP Dược phẩm Bến Tre,Chăm sóc sức khỏe,2026-09-28,True,LPS_CANDIDATE,WATCH,P3,57,20,14,10,5,0,8,FAIL,0.25,13.0,13.0,12.935,,,13.5,7.692307692307751,FAIL_MARKET,6570.0,CAUTION,-0.009146341463414531,0.0,LOW,LOW,,,0.8395061728395061,-0.007633587786259555,0.040000000000000036,-0.004116804916899586,0.08026860070644792,0.03572157662907677,0.09482509507271725,0.008717331715732489,0.040000000000000036,0.2560386473429952,Weekly trend/position supportive | RS20 > sector median | Holds better on VNINDEX down-days | Recent spread contraction | Higher-support pullback / LPS-like test,Latest bar is provisional; intraday signal only | Market Gate = FAIL | ADV20 liquidity caution,ALGO_CANDIDATE_ONLY,Scanner output cannot CONFIRM LPS/BUEC/Spring/JAC/Phase. Method-Locked review and Action-Test/follow-through remain required.
SFG,CTCP Phân Bón Miền Nam,SX Nhựa - Hóa chất,2026-09-25,False,SPRING_TEST_CANDIDATE,WATCH,P3,57,25,6,15,5,2,4,FAIL,0.52,10.45,9.9,9.8505,,,11.0,0.9174311926605532,FAIL_RR,1435.0,CAUTION,0.0016774502755809717,0.05555555555555536,LOW,LOW,0.0,,0.4444444444444444,-0.03240740740740755,0.023506366307541438,-0.028890624538047582,0.06377496701398933,-0.03586761501986435,0.020457585819736446,-0.012804983204911103,0.004807692307692291,0.014563106796116276,Weekly trend/position supportive | Recent spread contraction | Recent volume contraction | Spring/Test sequence proxy present,Market Gate = FAIL | ADV20 liquidity caution | R:R to visible T1 < 1.5R,ALGO_CANDIDATE_ONLY,Scanner output cannot CONFIRM LPS/BUEC/Spring/JAC/Phase. Method-Locked review and Action-Test/follow-through remain required.
VTO,CTCP Vận tải Xăng dầu Vitaco,Vận tải - kho bãi,2026-09-28,True,REACCUMULATION_LEADERSHIP_WATCH,WATCH,P3,57,20,20,0,9,0,8,FAIL,0.5142857142857142,10.9,10.4,10.348,10.7,7.0,12.74,3.3333333333333353,FAIL_MARKET,159730.0,CAUTION,0.030245746691871522,0.04807692307692313,LOW,LOW,1.7142857142857202,0.16666666666666863,7.116243880729861,0.04784688995215314,0.042857142857142705,0.05136367282151311,0.08312574356359059,0.057978602211524954,0.0731930041789195,0.006320964323143187,0.03301886792452824,0.02913533834586457,Weekly trend/position supportive | RS20 > VNINDEX | RS20 > sector median | Holds better on VNINDEX down-days,Latest bar is provisional; intraday signal only | Market Gate = FAIL | ADV20 liquidity caution,ALGO_CANDIDATE_ONLY,Scanner output cannot CONFIRM LPS/BUEC/Spring/JAC/Phase. Method-Locked review and Action-Test/follow-through remain required.
APH,CTCP Tập đoàn An Phát Holdings,SX Nhựa - Hóa chất,2026-09-28,True,REACCUMULATION_LEADERSHIP_WATCH,WATCH,P3,56,20,20,0,4,2,10,FAIL,0.52,6.88,6.73,6.696350000000001,7.13,4.0,7.58,3.811598148652345,FAIL_MARKET,518425.0,PASS,0.045433824646710086,0.022288261515601704,LOW,LOW,1.3636363636363644,0.43333333333333324,1.8533011272141706,0.18443316412859567,0.2727272727272727,0.18794994699795564,0.3129958734337206,0.18097295651613887,0.2696784922394677,0.014956707343487854,0.28205128205128216,0.24113475177304977,Weekly trend/position supportive | RS20 > VNINDEX | RS20 > sector median | Holds better on VNINDEX down-days,Latest bar is provisional; intraday signal only | Market Gate = FAIL,ALGO_CANDIDATE_ONLY,Scanner output cannot CONFIRM LPS/BUEC/Spring/JAC/Phase. Method-Locked review and Action-Test/follow-through remain required.
SVD,CTCP Đầu tư & Thương mại Vũ Đăng,SX Hàng gia dụng,2026-09-28,True,REACCUMULATION_LEADERSHIP_WATCH,WATCH,P3,56,25,20,5,4,0,2,FAIL,0.35294117647058826,5.02,4.6,4.577,4.95,8.0,5.4,0.8577878103837497,FAIL_RR,16910.0,CAUTION,0.06389742502914042,0.09130434782608687,MEDIUM,LOW,0.7096774193548416,0.04545454545454435,2.810404624277457,0.195238095238095,0.24257425742574257,0.19875487810745496,0.28284285813219046,0.21862990810359206,0.3501011391461727,0.007991307826706318,0.09368191721132901,0.32105263157894726,Weekly trend/position supportive | RS20 > VNINDEX | RS20 > sector median | Holds better on VNINDEX down-days | Recent volume contraction,Latest bar is provisional; intraday signal only | Market Gate = FAIL | ADV20 liquidity caution | R:R to visible T1 < 1.5R,ALGO_CANDIDATE_ONLY,Scanner output cannot CONFIRM LPS/BUEC/Spring/JAC/Phase. Method-Locked review and Action-Test/follow-through remain required.
DQC,CTCP Tập đoàn Điện Quang,Thiết bị điện,2026-09-28,True,REACCUMULATION_LEADERSHIP_WATCH,WATCH,P3,55,20,20,5,0,2,8,FAIL,0.375,9.5,9.4,9.353,,,10.0,3.4013605442176815,FAIL_MARKET,5595.0,CAUTION,-0.00902310540864748,0.010638297872340496,LOW,LOW,0.9090909090909108,0.0,2.462551440329218,0.06324972737186485,0.06907894736842124,0.06676651024122482,0.10934754807486913,0.05790228393479879,0.12806905166928106,0.004982532307996723,0.06324972737186485,0.026315789473684292,Weekly trend/position supportive | RS20 > VNINDEX | RS20 > sector median | Holds better on VNINDEX down-days | Recent volume contraction,Latest bar is provisional; intraday signal only | Market Gate = FAIL | ADV20 liquidity caution,ALGO_CANDIDATE_ONLY,Scanner output cannot CONFIRM LPS/BUEC/Spring/JAC/Phase. Method-Locked review and Action-Test/follow-through remain required.
NVT,CTCP Bất động sản Du lịch Ninh Vân Bay,"Dịch vụ lưu trú, ăn uống, giải trí",2026-09-24,False,SPRING_TEST_CANDIDATE,WATCH,P3,55,5,20,15,5,2,8,FAIL,0.3333333333333333,7.0,7.02,6.9849,,,8.01,66.88741721854154,FAIL_MARKET,1130.0,CAUTION,-0.03314917127071815,-0.002849002849002802,LOW,LOW,0.0,,0.4,0.014492753623188248,-0.03581267217630846,0.018009536492548217,0.00445592853013943,0.005143209420155337,0.11133249891095609,0.004796900054555173,-0.0463215258855586,-0.08376963350785338,RS20 > VNINDEX | RS20 > sector median | Holds better on VNINDEX down-days | Recent spread contraction | Spring/Test sequence proxy present,Market Gate = FAIL | ADV20 liquidity caution,ALGO_CANDIDATE_ONLY,Scanner output cannot CONFIRM LPS/BUEC/Spring/JAC/Phase. Method-Locked review and Action-Test/follow-through remain required.
