symbol,organ_name,en_organ_name,exchange,type,industry_code,industry_name,classification_source,snapshot_at
DGW,CTCP Thế Giới Số,Digiworld Corp.,HOSE,stock,1,Bán buôn,KBS symbols_by_industries,2026-09-11T13:32:03+07:00
GEL,CTCP Hạ tầng GELEX,Gelex Infrastructure Joint Stock Company,HOSE,stock,1,Bán buôn,KBS symbols_by_industries,2026-09-11T13:32:03+07:00
HHS,CTCP Đầu tư Dịch vụ Hoàng Huy,Hoang Huy Investment Services Joint Stock Company,HOSE,stock,1,Bán buôn,KBS symbols_by_industries,2026-09-11T13:32:03+07:00
HMC,CTCP Kim khí Thành phố Hồ Chí Minh - VNSTEEL,VNSTEEL - HoChiMinh City Metal Corporation,HOSE,stock,1,Bán buôn,KBS symbols_by_industries,2026-09-11T13:32:03+07:00
HTL,CTCP Kỹ thuật và Ô tô Trường Long,Truong Long Engineering and Auto Joint Stock Company,HOSE,stock,1,Bán buôn,KBS symbols_by_industries,2026-09-11T13:32:03+07:00
JVC,CTCP Đầu tư và Phát triển Y tế Việt Nhật,Japan Vietnam Medical Investment and Development Joint Stock Company,HOSE,stock,1,Bán buôn,KBS symbols_by_industries,2026-09-11T13:32:03+07:00
NO1,CTCP Tập đoàn 911,911 Group Joint Stock Company,HOSE,stock,1,Bán buôn,KBS symbols_by_industries,2026-09-11T13:32:03+07:00
PET,Tổng Công ty cổ phần Dịch vụ Tổng hợp Dầu khí,Petrovietnam General Services Corporation,HOSE,stock,1,Bán buôn,KBS symbols_by_industries,2026-09-11T13:32:03+07:00
PIT,CTCP Xuất nhập khẩu Petrolimex,Petrolimex International Trading Joint Stock Company,HOSE,stock,1,Bán buôn,KBS symbols_by_industries,2026-09-11T13:32:03+07:00
PLX,Tập đoàn Xăng Dầu Việt Nam,VietNam National Petroleum Group,HOSE,stock,1,Bán buôn,KBS symbols_by_industries,2026-09-11T13:32:03+07:00
PMG,CTCP Đầu tư và Sản xuất Petro Miền Trung,Petro Center Corporation,HOSE,stock,1,Bán buôn,KBS symbols_by_industries,2026-09-11T13:32:03+07:00
SMA,CTCP Thiết bị Phụ tùng Sài Gòn,Sai Gon Machinery Spare Parts Joint Stock Company,HOSE,stock,1,Bán buôn,KBS symbols_by_industries,2026-09-11T13:32:03+07:00
SMC,CTCP Đầu tư Thương mại SMC,SMC Trading Investment Joint Stock Company,HOSE,stock,1,Bán buôn,KBS symbols_by_industries,2026-09-11T13:32:03+07:00
ST8,CTCP Tập đoàn ST8,ST8 Holdings Joint Stock Company,HOSE,stock,1,Bán buôn,KBS symbols_by_industries,2026-09-11T13:32:03+07:00
TDG,CTCP Đầu tư TDG Global,TDG Global Investment Joint Stock Company,HOSE,stock,1,Bán buôn,KBS symbols_by_industries,2026-09-11T13:32:03+07:00
TLH,CTCP Tập đoàn Thép Tiến Lên,Tien Len Steel Corporation Joint - Stock Company,HOSE,stock,1,Bán buôn,KBS symbols_by_industries,2026-09-11T13:32:03+07:00
TNI,CTCP Tập đoàn Thành Nam,Thanh Nam Group Joint Stock Company,HOSE,stock,1,Bán buôn,KBS symbols_by_industries,2026-09-11T13:32:03+07:00
TSC,CTCP Vật tư Kỹ thuật nông nghiệp Cần Thơ,Techno - Agricultural Supplying Joint Stock Company,HOSE,stock,1,Bán buôn,KBS symbols_by_industries,2026-09-11T13:32:03+07:00
VFG,CTCP Khử trùng Việt Nam,Viet Nam Fumigation Joint Stock Company,HOSE,stock,1,Bán buôn,KBS symbols_by_industries,2026-09-11T13:32:03+07:00
VID,CTCP Đầu tư Phát triển Thương mại Viễn Đông,Vien Dong Investment Development Trading Corporation,HOSE,stock,1,Bán buôn,KBS symbols_by_industries,2026-09-11T13:32:03+07:00
VMD,CTCP Y Dược phẩm Vimedimex,Vimedimex Medi - Pharma Joint Stock Company,HOSE,stock,1,Bán buôn,KBS symbols_by_industries,2026-09-11T13:32:03+07:00
VPG,CTCP Đầu tư Thương mại Xuất nhập khẩu Việt Phát,Viet Phat Import Export Trading Investment Joint Stock Company,HOSE,stock,1,Bán buôn,KBS symbols_by_industries,2026-09-11T13:32:03+07:00
VVS,CTCP Đầu tư phát triển máy Việt Nam,Vietnam Machine Investment Development Joint Stock Company,HOSE,stock,1,Bán buôn,KBS symbols_by_industries,2026-09-11T13:32:03+07:00
BTT,CTCP Thương mại Dịch vụ Bến Thành,Ben Thanh Trading & Service Joint Stock Company,HOSE,stock,7,Bán lẻ,KBS symbols_by_industries,2026-09-11T13:32:03+07:00
CCI,CTCP Đầu tư Phát triển Công nghiệp Thương mại Củ Chi,Cu Chi Commercial And Industrial Developing Investment Joint Stock Company,HOSE,stock,7,Bán lẻ,KBS symbols_by_industries,2026-09-11T13:32:03+07:00
CMV,CTCP Thương nghiệp Cà Mau,Ca Mau Trading Joint Stock Company,HOSE,stock,7,Bán lẻ,KBS symbols_by_industries,2026-09-11T13:32:03+07:00
COM,CTCP Vật tư - Xăng Dầu,Materials - Petroleum Joint Stock Company,HOSE,stock,7,Bán lẻ,KBS symbols_by_industries,2026-09-11T13:32:03+07:00
CTF,CTCP City Auto,City Auto Corporation,HOSE,stock,7,Bán lẻ,KBS symbols_by_industries,2026-09-11T13:32:03+07:00
DMX,CTCP Đầu tư Điện máy Xanh,Dien May Xanh Investment Joint Stock Company,HOSE,stock,7,Bán lẻ,KBS symbols_by_industries,2026-09-11T13:32:03+07:00
FRT,CTCP Bán lẻ Kỹ thuật số FPT,FPT Digital Retail Joint Stock Company,HOSE,stock,7,Bán lẻ,KBS symbols_by_industries,2026-09-11T13:32:03+07:00
HAX,CTCP Dịch vụ Ô tô Hàng Xanh,Hang Xanh Motors Service Joint Stock Company  ,HOSE,stock,7,Bán lẻ,KBS symbols_by_industries,2026-09-11T13:32:03+07:00
MWG,CTCP Đầu tư Thế giới Di động,Mobile World Investment Corporation,HOSE,stock,7,Bán lẻ,KBS symbols_by_industries,2026-09-11T13:32:03+07:00
PNC,CTCP Văn hóa Phương Nam,Phuong Nam Cultural Joint Stock Corporation,HOSE,stock,7,Bán lẻ,KBS symbols_by_industries,2026-09-11T13:32:03+07:00
PNJ,CTCP Vàng bạc Đá quý Phú Nhuận,Phu Nhuan Jewelry Joint Stock Company,HOSE,stock,7,Bán lẻ,KBS symbols_by_industries,2026-09-11T13:32:03+07:00
SFC,CTCP Nhiên liệu Sài Gòn,SaiGon Fuel Joint Stock Company,HOSE,stock,7,Bán lẻ,KBS symbols_by_industries,2026-09-11T13:32:03+07:00
SVC,CTCP Dịch vụ Tổng hợp Sài Gòn,Saigon General Service Corporation,HOSE,stock,7,Bán lẻ,KBS symbols_by_industries,2026-09-11T13:32:03+07:00
BIC,Tổng Công ty cổ phần Bảo hiểm Ngân hàng Đầu tư và Phát triển Việt Nam,BIDV Insurance Corporation,HOSE,stock,2,Bảo hiểm,KBS symbols_by_industries,2026-09-11T13:32:03+07:00
BMI,Tổng Công ty cổ phần Bảo Minh,Bao Minh Insurance Corporation,HOSE,stock,2,Bảo hiểm,KBS symbols_by_industries,2026-09-11T13:32:03+07:00
BVH,Tập đoàn Bảo Việt,BaoViet Holdings,HOSE,stock,2,Bảo hiểm,KBS symbols_by_industries,2026-09-11T13:32:03+07:00
MIG,Tổng Công ty cổ phần Bảo hiểm Quân Đội,Military Insurance Corporation,HOSE,stock,2,Bảo hiểm,KBS symbols_by_industries,2026-09-11T13:32:03+07:00
PGI,Tổng Công ty cổ phần Bảo hiểm Petrolimex,Petrolimex Insurance Corporation,HOSE,stock,2,Bảo hiểm,KBS symbols_by_industries,2026-09-11T13:32:03+07:00
AGG,CTCP Đầu tư và Phát triển Bất động sản An Gia,An Gia Real Estate Investment and Development Corporation,HOSE,stock,3,Bất động sản,KBS symbols_by_industries,2026-09-11T13:32:03+07:00
BCE,CTCP Xây dựng và Giao thông Bình Dương,Becamex Construction & Civil Engineering Joint Stock Company,HOSE,stock,3,Bất động sản,KBS symbols_by_industries,2026-09-11T13:32:03+07:00
BCM,Tập đoàn Đầu tư và Phát triển Công nghiệp Becamex - CTCP,Becamex Investment And Industrial Development Group,HOSE,stock,3,Bất động sản,KBS symbols_by_industries,2026-09-11T13:32:03+07:00
CCL,CTCP Đầu tư và Phát triển Đô thị Dầu khí Cửu Long,Cuu Long Petro Urban Development and Investment Corporation,HOSE,stock,3,Bất động sản,KBS symbols_by_industries,2026-09-11T13:32:03+07:00
CDC,CTCP Chương Dương,Chuong Duong Corporation,HOSE,stock,3,Bất động sản,KBS symbols_by_industries,2026-09-11T13:32:03+07:00
CIG,CTCP COMA 18,COMA 18 Joint Stock Company,HOSE,stock,3,Bất động sản,KBS symbols_by_industries,2026-09-11T13:32:03+07:00
CKG,CTCP Tập đoàn CIC,CIC Group Joint Stock Company,HOSE,stock,3,Bất động sản,KBS symbols_by_industries,2026-09-11T13:32:03+07:00
CRE,CTCP Bất động sản Thế Kỷ,Century Land Joint Stock Company,HOSE,stock,3,Bất động sản,KBS symbols_by_industries,2026-09-11T13:32:03+07:00
CRV,CTCP Tập đoàn Bất động sản CRV,CRV Real Estate Group Joint Stock Company,HOSE,stock,3,Bất động sản,KBS symbols_by_industries,2026-09-11T13:32:03+07:00
D2D,CTCP Phát triển Đô thị Công nghiệp số 2,Industrial Urban Development Joint - Stock Company No 2,HOSE,stock,3,Bất động sản,KBS symbols_by_industries,2026-09-11T13:32:03+07:00
DIG,Tổng Công ty cổ phần Đầu tư Phát triển Xây dựng,Development Investment Construction Joint Stock Corporation,HOSE,stock,3,Bất động sản,KBS symbols_by_industries,2026-09-11T13:32:03+07:00
DRH,CTCP DRH Holdings,DRH Holdings JSC,HOSE,stock,3,Bất động sản,KBS symbols_by_industries,2026-09-11T13:32:03+07:00
DTA,CTCP Đệ Tam,De Tam Joint Stock Company,HOSE,stock,3,Bất động sản,KBS symbols_by_industries,2026-09-11T13:32:03+07:00
DXG,CTCP Bluemarq Group,Bluemarq Group Joint Stock Company,HOSE,stock,3,Bất động sản,KBS symbols_by_industries,2026-09-11T13:32:03+07:00
DXS,CTCP Dịch vụ Bất động sản Đất Xanh,Dat Xanh Real Estate Services Joint Stock Company,HOSE,stock,3,Bất động sản,KBS symbols_by_industries,2026-09-11T13:32:03+07:00
EVG,CTCP Tập đoàn EverLand,Everland Group Joint Stock Company,HOSE,stock,3,Bất động sản,KBS symbols_by_industries,2026-09-11T13:32:03+07:00
FDC,CTCP Ngoại thương và Phát triển Đầu tư Thành phố Hồ Chí Minh,Foreign Trade Development & Investment Corporation of HCMC,HOSE,stock,3,Bất động sản,KBS symbols_by_industries,2026-09-11T13:32:03+07:00
FIR,CTCP Địa ốc First Real,First Real Joint Stock Company,HOSE,stock,3,Bất động sản,KBS symbols_by_industries,2026-09-11T13:32:03+07:00
HAR,CTCP Đầu tư Thương mại Bất động sản An Dương Thảo Điền,An Duong Thao Dien Real Estate Investment Joint Stock Company,HOSE,stock,3,Bất động sản,KBS symbols_by_industries,2026-09-11T13:32:03+07:00
HDC,CTCP Phát triển Nhà Bà Rịa - Vũng Tàu,Ba Ria - Vung Tau House Development Joint Stock Company,HOSE,stock,3,Bất động sản,KBS symbols_by_industries,2026-09-11T13:32:03+07:00
HDG,CTCP Tập đoàn Hà Đô,Ha Do Group Joint Stock Company,HOSE,stock,3,Bất động sản,KBS symbols_by_industries,2026-09-11T13:32:03+07:00
HPX,CTCP Đầu tư Hải Phát,Hai Phat Investment Joint Stock Company,HOSE,stock,3,Bất động sản,KBS symbols_by_industries,2026-09-11T13:32:03+07:00
HQC,CTCP Tư vấn Thương mại Dịch vụ Địa Ốc Hoàng Quân,Hoang Quan Consulting-Trading-Service Real Estate Corporation,HOSE,stock,3,Bất động sản,KBS symbols_by_industries,2026-09-11T13:32:03+07:00
HU1,CTCP Đầu tư và Xây dựng HUD1,HUD1 Investment and Construction Joint Stock Company,HOSE,stock,3,Bất động sản,KBS symbols_by_industries,2026-09-11T13:32:03+07:00
IJC,CTCP Phát triển Hạ tầng Kỹ thuật,Becamex Infrastructure Development Joint Stock Company,HOSE,stock,3,Bất động sản,KBS symbols_by_industries,2026-09-11T13:32:03+07:00
ITC,CTCP Đầu tư và Kinh doanh Nhà,Investment and Trading of Real Estate Joint stock Company,HOSE,stock,3,Bất động sản,KBS symbols_by_industries,2026-09-11T13:32:03+07:00
KBC,Tổng Công ty Phát triển Đô thị Kinh Bắc - CTCP,Kinh Bac City Development Holding Corporation,HOSE,stock,3,Bất động sản,KBS symbols_by_industries,2026-09-11T13:32:03+07:00
KDH,CTCP Đầu tư và Kinh doanh Nhà Khang Điền,Khang Dien House Trading and Investment Joint Stock Company,HOSE,stock,3,Bất động sản,KBS symbols_by_industries,2026-09-11T13:32:03+07:00
KHG,CTCP Tập đoàn Khải Hoàn Land,Khai Hoan Land Group Joint Stock Company,HOSE,stock,3,Bất động sản,KBS symbols_by_industries,2026-09-11T13:32:03+07:00
KOS,CTCP KOSY,KOSY Joint Stock Company,HOSE,stock,3,Bất động sản,KBS symbols_by_industries,2026-09-11T13:32:03+07:00
LDG,CTCP Đầu tư LDG,LDG Investment Joint stock Company,HOSE,stock,3,Bất động sản,KBS symbols_by_industries,2026-09-11T13:32:03+07:00
LGL,CTCP Đầu tư và Phát triển Đô thị Long Giang,Long Giang Investment and Urban Development Joint-Stock Company,HOSE,stock,3,Bất động sản,KBS symbols_by_industries,2026-09-11T13:32:03+07:00
LHG,CTCP Long Hậu,Long Hau Corporation,HOSE,stock,3,Bất động sản,KBS symbols_by_industries,2026-09-11T13:32:03+07:00
NBB,CTCP Đầu tư Năm Bảy Bảy,577 Investment Corporation,HOSE,stock,3,Bất động sản,KBS symbols_by_industries,2026-09-11T13:32:03+07:00
NHA,Tổng Công ty Đầu tư Phát triển Nhà và Đô thị Nam Hà Nội,Ha Noi South Housing and Urban Development Corporation,HOSE,stock,3,Bất động sản,KBS symbols_by_industries,2026-09-11T13:32:03+07:00
NLG,CTCP Đầu tư Nam Long,Nam Long Investment Corporation,HOSE,stock,3,Bất động sản,KBS symbols_by_industries,2026-09-11T13:32:03+07:00
NTC,CTCP Khu Công nghiệp Nam Tân Uyên,Nam Tan Uyen Joint Stock Company,HOSE,stock,3,Bất động sản,KBS symbols_by_industries,2026-09-11T13:32:03+07:00
NTL,CTCP Phát triển Đô thị Từ Liêm,Tu Liem Urban Development Joint-Stock Company,HOSE,stock,3,Bất động sản,KBS symbols_by_industries,2026-09-11T13:32:03+07:00
NVL,CTCP Tập đoàn Đầu tư Địa ốc No Va ,No Va Land Investment Group Corporation ,HOSE,stock,3,Bất động sản,KBS symbols_by_industries,2026-09-11T13:32:03+07:00
PDR,CTCP Phát triển Bất động sản Phát Đạt,Phat Dat Real Estate Development Corporation,HOSE,stock,3,Bất động sản,KBS symbols_by_industries,2026-09-11T13:32:03+07:00
PTL,CTCP Victory Group,Victory Group Joint Stock Company,HOSE,stock,3,Bất động sản,KBS symbols_by_industries,2026-09-11T13:32:03+07:00
QCG,CTCP Quốc Cường Gia Lai,Quoc Cuong Gia Lai Joint Stock Company,HOSE,stock,3,Bất động sản,KBS symbols_by_industries,2026-09-11T13:32:03+07:00
SCR,CTCP Địa ốc Sài Gòn Thương Tín,Sai Gon Thuong Tin Real Estate Joint Stock Company,HOSE,stock,3,Bất động sản,KBS symbols_by_industries,2026-09-11T13:32:03+07:00
SGR,CTCP Tổng CTCP Địa ốc Sài Gòn,Saigon Real Estate Group Joint Stock Company,HOSE,stock,3,Bất động sản,KBS symbols_by_industries,2026-09-11T13:32:03+07:00
SJS,CTCP SJ Group,SJ Group Joint Stock Company,HOSE,stock,3,Bất động sản,KBS symbols_by_industries,2026-09-11T13:32:03+07:00
SZC,CTCP Sonadezi Châu Đức,Sonadezi Chau Duc Shareholding Company,HOSE,stock,3,Bất động sản,KBS symbols_by_industries,2026-09-11T13:32:03+07:00
SZL,CTCP Sonadezi Long Thành,Sonadezi Long Thanh Shareholding Company,HOSE,stock,3,Bất động sản,KBS symbols_by_industries,2026-09-11T13:32:03+07:00
TAL,CTCP Đầu tư Bất động sản Taseco,Taseco Land Investment Joint Stock Company,HOSE,stock,3,Bất động sản,KBS symbols_by_industries,2026-09-11T13:32:03+07:00
TCH,CTCP Đầu tư Dịch vụ Tài chính Hoàng Huy,Hoang Huy Investment Financial Services Joint Stock Company,HOSE,stock,3,Bất động sản,KBS symbols_by_industries,2026-09-11T13:32:03+07:00
TDC,CTCP Kinh doanh và Phát triển Bình Dương,Binh Duong Trade And Development Joint Stock Company,HOSE,stock,3,Bất động sản,KBS symbols_by_industries,2026-09-11T13:32:03+07:00
TDH,CTCP Phát triển Nhà Thủ Đức,Thu Duc Housing Development Corporation,HOSE,stock,3,Bất động sản,KBS symbols_by_industries,2026-09-11T13:32:03+07:00
TIP,CTCP Phát triển Khu Công nghiệp Tín Nghĩa,Tin Nghia Industrial Park Development Joint Stock Company,HOSE,stock,3,Bất động sản,KBS symbols_by_industries,2026-09-11T13:32:03+07:00
TIX,CTCP Sản xuất Kinh doanh Xuất nhập khẩu Dịch vụ và Đầu tư Tân Bình,Tan Binh Import - Export Joint Stock Corporation,HOSE,stock,3,Bất động sản,KBS symbols_by_industries,2026-09-11T13:32:03+07:00
TN1,CTCP Rox Key Holdings,Rox Key Holdings Joint Stock Company,HOSE,stock,3,Bất động sản,KBS symbols_by_industries,2026-09-11T13:32:03+07:00
VHM,CTCP Vinhomes,Vinhomes Joint Stock Company,HOSE,stock,3,Bất động sản,KBS symbols_by_industries,2026-09-11T13:32:03+07:00
VIC,Tập đoàn VINGROUP - CTCP,Vingroup Joint Stock Company,HOSE,stock,3,Bất động sản,KBS symbols_by_industries,2026-09-11T13:32:03+07:00
VPH,CTCP Vạn Phát Hưng,Van Phat Hung Corporation,HOSE,stock,3,Bất động sản,KBS symbols_by_industries,2026-09-11T13:32:03+07:00
VPI,CTCP Phát triển Bất động sản Văn Phú,Van Phu Real Estate Development Joint Stock Company,HOSE,stock,3,Bất động sản,KBS symbols_by_industries,2026-09-11T13:32:03+07:00
VRC,CTCP Bất động sản và Đầu tư VRC,VRC Real Estate and Investment Joint Stock Company,HOSE,stock,3,Bất động sản,KBS symbols_by_industries,2026-09-11T13:32:03+07:00
VRE,CTCP Vincom Retail,Vincom Retail Joint Stock Company,HOSE,stock,3,Bất động sản,KBS symbols_by_industries,2026-09-11T13:32:03+07:00
DBD,CTCP Dược - Trang thiết bị Y tế Bình Định (Bidiphar),Binh Dinh Pharmaceutical and Medical Equipment Joint Stock Company,HOSE,stock,8,Chăm sóc sức khỏe,KBS symbols_by_industries,2026-09-11T13:32:03+07:00
DBT,CTCP Dược phẩm Bến Tre,Ben Tre Pharmaceutical Joint Stock Company,HOSE,stock,8,Chăm sóc sức khỏe,KBS symbols_by_industries,2026-09-11T13:32:03+07:00
DCL,CTCP Dược phẩm Cửu Long,Cuu Long Pharmaceutical Joint Stock Corporation,HOSE,stock,8,Chăm sóc sức khỏe,KBS symbols_by_industries,2026-09-11T13:32:03+07:00
DHG,CTCP Dược Hậu Giang,DHG Pharmaceutical Joint Stock Company,HOSE,stock,8,Chăm sóc sức khỏe,KBS symbols_by_industries,2026-09-11T13:32:03+07:00
DMC,CTCP Xuất nhập khẩu Y Tế DOMESCO,DOMESCO Medical Import-Export Joint Stock Corporation,HOSE,stock,8,Chăm sóc sức khỏe,KBS symbols_by_industries,2026-09-11T13:32:03+07:00
FIT,CTCP Tập đoàn F.I.T,F.I.T Group Joint Stock Company,HOSE,stock,8,Chăm sóc sức khỏe,KBS symbols_by_industries,2026-09-11T13:32:03+07:00
IMP,CTCP Dược phẩm Imexpharm,Imexpharm Corporation,HOSE,stock,8,Chăm sóc sức khỏe,KBS symbols_by_industries,2026-09-11T13:32:03+07:00
OPC,CTCP Dược phẩm OPC,OPC Pharmaceutical Joint Stock Company,HOSE,stock,8,Chăm sóc sức khỏe,KBS symbols_by_industries,2026-09-11T13:32:03+07:00
SPM,CTCP SPM,SPM Joint Stock Company,HOSE,stock,8,Chăm sóc sức khỏe,KBS symbols_by_industries,2026-09-11T13:32:03+07:00
TNH,CTCP Tập đoàn Bệnh viện TNH,TNH Hospital Group Joint Stock Company,HOSE,stock,8,Chăm sóc sức khỏe,KBS symbols_by_industries,2026-09-11T13:32:03+07:00
TRA,CTCP Traphaco,Traphaco Joint Stock Company,HOSE,stock,8,Chăm sóc sức khỏe,KBS symbols_by_industries,2026-09-11T13:32:03+07:00
VDP,CTCP Dược phẩm Trung ương VIDIPHA,VIDIPHA Central Pharmaceutical Joint - Stock Company,HOSE,stock,8,Chăm sóc sức khỏe,KBS symbols_by_industries,2026-09-11T13:32:03+07:00
AAM,CTCP Thủy sản MeKong,Mekong Fisheries Joint Stock Company,HOSE,stock,20,Chế biến Thủy sản,KBS symbols_by_industries,2026-09-11T13:32:03+07:00
ABT,CTCP Xuất nhập khẩu Thủy sản Bến Tre,Bentre Aquaproduct Import And Export JSC,HOSE,stock,20,Chế biến Thủy sản,KBS symbols_by_industries,2026-09-11T13:32:03+07:00
ACL,CTCP Xuất nhập khẩu Thủy sản Cửu Long An Giang,Cuu Long Fish Joint Stock Company,HOSE,stock,20,Chế biến Thủy sản,KBS symbols_by_industries,2026-09-11T13:32:03+07:00
ANV,CTCP Nam Việt,Nam Viet Corporation,HOSE,stock,20,Chế biến Thủy sản,KBS symbols_by_industries,2026-09-11T13:32:03+07:00
ASM,CTCP Tập đoàn Sao Mai,Sao Mai Group Corporation,HOSE,stock,20,Chế biến Thủy sản,KBS symbols_by_industries,2026-09-11T13:32:03+07:00
CMX,CTCP Camimex Group,Camimex Group Joint Stock Company,HOSE,stock,20,Chế biến Thủy sản,KBS symbols_by_industries,2026-09-11T13:32:03+07:00
DAT,CTCP Đầu tư du lịch và Phát triển Thủy sản,Travel Investment and Seafood Development Corporation,HOSE,stock,20,Chế biến Thủy sản,KBS symbols_by_industries,2026-09-11T13:32:03+07:00
FMC,CTCP Thực phẩm Sao Ta,Sao Ta Foods Joint Stock Company ,HOSE,stock,20,Chế biến Thủy sản,KBS symbols_by_industries,2026-09-11T13:32:03+07:00
IDI,CTCP Đầu tư và Phát triển Đa Quốc Gia - IDI,I.D.I International Development and Investment Corporation,HOSE,stock,20,Chế biến Thủy sản,KBS symbols_by_industries,2026-09-11T13:32:03+07:00
VHC,CTCP Vĩnh Hoàn,Vinh Hoan Corporation,HOSE,stock,20,Chế biến Thủy sản,KBS symbols_by_industries,2026-09-11T13:32:03+07:00
AGR,CTCP Chứng khoán Agribank,Agribank Securities Corporation,HOSE,stock,5,Chứng khoán,KBS symbols_by_industries,2026-09-11T13:32:03+07:00
APG,CTCP Chứng khoán APG,APG Securities Joint Stock Company,HOSE,stock,5,Chứng khoán,KBS symbols_by_industries,2026-09-11T13:32:03+07:00
BSI,CTCP Chứng khoán BIDV,BIDV Securities Joint Stock Company,HOSE,stock,5,Chứng khoán,KBS symbols_by_industries,2026-09-11T13:32:03+07:00
CTS,CTCP Chứng khoán VietinBank,VietinBank Securities Joint Stock Company,HOSE,stock,5,Chứng khoán,KBS symbols_by_industries,2026-09-11T13:32:03+07:00
DSC,CTCP Chứng khoán DSC,DSC Securities Corporation,HOSE,stock,5,Chứng khoán,KBS symbols_by_industries,2026-09-11T13:32:03+07:00
DSE,CTCP Chứng khoán DNSE,DNSE Securities Joint Stock Company,HOSE,stock,5,Chứng khoán,KBS symbols_by_industries,2026-09-11T13:32:03+07:00
FTS,CTCP Chứng khoán FPT,FPT Securities Joint Stock Company,HOSE,stock,5,Chứng khoán,KBS symbols_by_industries,2026-09-11T13:32:03+07:00
HCM,CTCP Chứng khoán Thành phố Hồ Chí Minh,Ho Chi Minh City Securities Corporation,HOSE,stock,5,Chứng khoán,KBS symbols_by_industries,2026-09-11T13:32:03+07:00
LPS,CTCP Chứng khoán LPS,LPS Securities Joint Stock Company,HOSE,stock,5,Chứng khoán,KBS symbols_by_industries,2026-09-11T13:32:03+07:00
ORS,CTCP Chứng khoán Tiên Phong,Tien Phong Securities Corporation,HOSE,stock,5,Chứng khoán,KBS symbols_by_industries,2026-09-11T13:32:03+07:00
SSI,CTCP Chứng khoán SSI,SSI Securities Corporation,HOSE,stock,5,Chứng khoán,KBS symbols_by_industries,2026-09-11T13:32:03+07:00
TCI,CTCP Chứng khoán Thành Công,ThanhCong Securities Company,HOSE,stock,5,Chứng khoán,KBS symbols_by_industries,2026-09-11T13:32:03+07:00
TCX,CTCP Chứng khoán Kỹ Thương,Techcom Securities Joint Stock Company,HOSE,stock,5,Chứng khoán,KBS symbols_by_industries,2026-09-11T13:32:03+07:00
TVB,CTCP Chứng khoán T-Cap,T-Cap Securities Joint Stock Company,HOSE,stock,5,Chứng khoán,KBS symbols_by_industries,2026-09-11T13:32:03+07:00
TVS,CTCP Chứng khoán Thiên Việt,Thien Viet Securities Joint Stock Company,HOSE,stock,5,Chứng khoán,KBS symbols_by_industries,2026-09-11T13:32:03+07:00
VCI,CTCP Chứng khoán Vietcap,Vietcap Securities Joint Stock Company,HOSE,stock,5,Chứng khoán,KBS symbols_by_industries,2026-09-11T13:32:03+07:00
VCK,CTCP Chứng khoán VPS,VPS Securities Joint Stock Company,HOSE,stock,5,Chứng khoán,KBS symbols_by_industries,2026-09-11T13:32:03+07:00
VDS,CTCP Chứng khoán Rồng Việt,Viet Dragon Securities Corporation,HOSE,stock,5,Chứng khoán,KBS symbols_by_industries,2026-09-11T13:32:03+07:00
VIX,CTCP Chứng khoán VIX,VIX Securities Joint Stock Company,HOSE,stock,5,Chứng khoán,KBS symbols_by_industries,2026-09-11T13:32:03+07:00
VND,CTCP Chứng khoán VNDIRECT,VNDIRECT Securities Corporation,HOSE,stock,5,Chứng khoán,KBS symbols_by_industries,2026-09-11T13:32:03+07:00
VPX,CTCP Chứng khoán VPBank,VPBank Securities Joint Stock Company,HOSE,stock,5,Chứng khoán,KBS symbols_by_industries,2026-09-11T13:32:03+07:00
ABR,CTCP Đầu tư Nhãn hiệu Việt,Viet Brand Invest Joint Stock Company,HOSE,stock,6,Công nghệ và thông tin,KBS symbols_by_industries,2026-09-11T13:32:03+07:00
CMG,CTCP Tập đoàn Công nghệ CMC,CMC Corporation,HOSE,stock,6,Công nghệ và thông tin,KBS symbols_by_industries,2026-09-11T13:32:03+07:00
CTR,Tổng Công ty cổ phần Công trình Viettel,Viettel Construction Joint Stock Corporation,HOSE,stock,6,Công nghệ và thông tin,KBS symbols_by_industries,2026-09-11T13:32:03+07:00
ELC,CTCP Công Nghệ - Viễn Thông Elcom,Elcom Technology Communications Corporation,HOSE,stock,6,Công nghệ và thông tin,KBS symbols_by_industries,2026-09-11T13:32:03+07:00
FPT,CTCP FPT,FPT Corporation,HOSE,stock,6,Công nghệ và thông tin,KBS symbols_by_industries,2026-09-11T13:32:03+07:00
ICT,CTCP Viễn thông - Tin học Bưu điện,Joint Stock Company for Telecom and Informatics,HOSE,stock,6,Công nghệ và thông tin,KBS symbols_by_industries,2026-09-11T13:32:03+07:00
ITD,CTCP Công nghệ ITD,ITD Technology Corporation,HOSE,stock,6,Công nghệ và thông tin,KBS symbols_by_industries,2026-09-11T13:32:03+07:00
SGT,CTCP Công nghệ Viễn Thông Sài Gòn,SaiGon Telecommunication & Technologies Corporation,HOSE,stock,6,Công nghệ và thông tin,KBS symbols_by_industries,2026-09-11T13:32:03+07:00
DAH,CTCP Tập đoàn Khách sạn Đông Á,Dong A Hotel Group Joint Stock Company,HOSE,stock,25,"Dịch vụ lưu trú, ăn uống, giải trí",KBS symbols_by_industries,2026-09-11T13:32:03+07:00
DSN,CTCP Công viên nước Đầm Sen,Dam Sen Water Park Corporation,HOSE,stock,25,"Dịch vụ lưu trú, ăn uống, giải trí",KBS symbols_by_industries,2026-09-11T13:32:03+07:00
NVT,CTCP Bất động sản Du lịch Ninh Vân Bay,Ninh Van Bay Travel Real Estate Joint Stock Company,HOSE,stock,25,"Dịch vụ lưu trú, ăn uống, giải trí",KBS symbols_by_industries,2026-09-11T13:32:03+07:00
VNG,CTCP Du lịch Thành Thành Công,Thanh Thanh Cong Tourist Joint Stock Company,HOSE,stock,25,"Dịch vụ lưu trú, ăn uống, giải trí",KBS symbols_by_industries,2026-09-11T13:32:03+07:00
VPL,CTCP Vinpearl,Vinpearl Joint Stock Company,HOSE,stock,25,"Dịch vụ lưu trú, ăn uống, giải trí",KBS symbols_by_industries,2026-09-11T13:32:03+07:00
YEG,CTCP Tập đoàn Yeah1,Yeah1 Group Corporation,HOSE,stock,25,"Dịch vụ lưu trú, ăn uống, giải trí",manual fallback from company business model: media and entertainment,2026-09-11T13:32:03+07:00
ADG,CTCP Clever Group,Clever Group Corporation,HOSE,stock,28,"Dịch vụ tư vấn, hỗ trợ",manual fallback from company business model: advertising services,2026-09-11T13:32:03+07:00
TV2,CTCP Tư vấn Xây dựng Điện 2,Power Engineering Consulting Joint Stock Company 2,HOSE,stock,28,"Dịch vụ tư vấn, hỗ trợ",KBS symbols_by_industries,2026-09-11T13:32:03+07:00
BMC,CTCP Khoáng sản Bình Định,Binh Dinh Minerals Joint Stock Company,HOSE,stock,10,Khai khoáng,KBS symbols_by_industries,2026-09-11T13:32:03+07:00
C32,CTCP Đầu tư và Xây dựng 3-2,3-2 Investment and Construction Joint Stock Company,HOSE,stock,10,Khai khoáng,KBS symbols_by_industries,2026-09-11T13:32:03+07:00
DHA,CTCP Hóa An,Hoa An Joint Stock Company,HOSE,stock,10,Khai khoáng,KBS symbols_by_industries,2026-09-11T13:32:03+07:00
DHM,CTCP Đầu tư và Thương mại DHM,DHM Investment and Trading Joint Stock Company,HOSE,stock,10,Khai khoáng,KBS symbols_by_industries,2026-09-11T13:32:03+07:00
KSB,CTCP Khoáng sản và Xây dựng Bình Dương,Binh Duong Mineral and Construction Joint Stock Company,HOSE,stock,10,Khai khoáng,KBS symbols_by_industries,2026-09-11T13:32:03+07:00
MDG,CTCP Miền Đông,Mien Dong Joint Stock Company,HOSE,stock,10,Khai khoáng,KBS symbols_by_industries,2026-09-11T13:32:03+07:00
NNC,CTCP Đá Núi Nhỏ,Nui Nho Stone Joint Stock Company,HOSE,stock,10,Khai khoáng,KBS symbols_by_industries,2026-09-11T13:32:03+07:00
PVD,Tổng Công ty cổ phần Khoan và Dịch vụ khoan Dầu khí,PetroVietnam Drilling & Well Services Corporation,HOSE,stock,10,Khai khoáng,KBS symbols_by_industries,2026-09-11T13:32:03+07:00
TNT,CTCP Tập đoàn TNT,TNT Group Joint Stock Company,HOSE,stock,10,Khai khoáng,KBS symbols_by_industries,2026-09-11T13:32:03+07:00
ACB,Ngân hàng TMCP Á Châu,Asia Commercial Joint Stock Bank,HOSE,stock,11,Ngân hàng,KBS symbols_by_industries,2026-09-11T13:32:03+07:00
BID,Ngân hàng TMCP Đầu tư và Phát triển Việt Nam,Joint Stock Commercial Bank for Investment and Development of Vietnam,HOSE,stock,11,Ngân hàng,KBS symbols_by_industries,2026-09-11T13:32:03+07:00
BVB,Ngân hàng TMCP Bản Việt,Viet Capital Commercial Joint Stock Bank,HOSE,stock,11,Ngân hàng,KBS symbols_by_industries,2026-09-11T13:32:03+07:00
CTG,Ngân hàng TMCP Công Thương Việt Nam,Vietnam Joint Stock Commercial Bank For Industry And Trade,HOSE,stock,11,Ngân hàng,KBS symbols_by_industries,2026-09-11T13:32:03+07:00
EIB,Ngân hàng TMCP Xuất nhập khẩu Việt Nam,Vietnam Export Import Commercial Joint Stock Bank,HOSE,stock,11,Ngân hàng,KBS symbols_by_industries,2026-09-11T13:32:03+07:00
EVF,Công ty Tài chính Tổng hợp Cổ phần Điện lực,EVF General Finance Joint Stock Company,HOSE,stock,11,Ngân hàng,KBS symbols_by_industries,2026-09-11T13:32:03+07:00
HDB,Ngân hàng TMCP Phát triển Thành phố Hồ Chí Minh,Ho Chi Minh City Development Joint Stock Commercial Bank,HOSE,stock,11,Ngân hàng,KBS symbols_by_industries,2026-09-11T13:32:03+07:00
KLB,Ngân hàng TMCP Kiên Long,Kien Long Commercial Joint Stock Bank,HOSE,stock,11,Ngân hàng,KBS symbols_by_industries,2026-09-11T13:32:03+07:00
LPB,Ngân hàng TMCP Lộc Phát Việt Nam,Fortune Vietnam Joint Stock Commercial Bank,HOSE,stock,11,Ngân hàng,KBS symbols_by_industries,2026-09-11T13:32:03+07:00
MBB,Ngân hàng TMCP Quân đội,Military Commercial Joint Stock Bank,HOSE,stock,11,Ngân hàng,KBS symbols_by_industries,2026-09-11T13:32:03+07:00
MSB,Ngân hàng TMCP Hàng hải Việt Nam,Vietnam Maritime Commercial Joint Stock Bank,HOSE,stock,11,Ngân hàng,KBS symbols_by_industries,2026-09-11T13:32:03+07:00
NAB,Ngân hàng TMCP Nam Á,Nam A Commercial Joint Stock Bank,HOSE,stock,11,Ngân hàng,KBS symbols_by_industries,2026-09-11T13:32:03+07:00
OCB,Ngân hàng TMCP Phương Đông,Orient Commercial Joint Stock Bank,HOSE,stock,11,Ngân hàng,KBS symbols_by_industries,2026-09-11T13:32:03+07:00
SHB,Ngân hàng TMCP Sài Gòn - Hà Nội,Saigon Hanoi Commercial Joint Stock Bank,HOSE,stock,11,Ngân hàng,KBS symbols_by_industries,2026-09-11T13:32:03+07:00
SSB,Ngân hàng TMCP Đông Nam Á,Southeast Asia Commercial Joint Stock Bank,HOSE,stock,11,Ngân hàng,KBS symbols_by_industries,2026-09-11T13:32:03+07:00
STB,Ngân hàng TMCP Sài Gòn Tài Lộc,Saigon Treasure Commercial Joint Stock Bank,HOSE,stock,11,Ngân hàng,KBS symbols_by_industries,2026-09-11T13:32:03+07:00
TCB,Ngân hàng TMCP Kỹ thương Việt Nam,Vietnam Technological and Commercial Joint Stock Bank,HOSE,stock,11,Ngân hàng,KBS symbols_by_industries,2026-09-11T13:32:03+07:00
TPB,Ngân hàng TMCP Tiên Phong,Tien Phong Commercial Joint Stock Bank,HOSE,stock,11,Ngân hàng,KBS symbols_by_industries,2026-09-11T13:32:03+07:00
VAB,Ngân hàng TMCP Việt Á,Vietnam - Asia Commercial Joint Stock Bank,HOSE,stock,11,Ngân hàng,KBS symbols_by_industries,2026-09-11T13:32:03+07:00
VBB,Ngân hàng TMCP Việt Nam Thương Tín,Vietnam Thuong Tin Commercial Joint Stock Bank,HOSE,stock,11,Ngân hàng,KBS symbols_by_industries,2026-09-11T13:32:03+07:00
VCB,Ngân hàng TMCP Ngoại thương Việt Nam,Joint Stock Commercial Bank for Foreign Trade of Vietnam,HOSE,stock,11,Ngân hàng,KBS symbols_by_industries,2026-09-11T13:32:03+07:00
VIB,Ngân hàng TMCP Quốc tế Việt Nam,Vietnam International Commercial Joint Stock Bank,HOSE,stock,11,Ngân hàng,KBS symbols_by_industries,2026-09-11T13:32:03+07:00
VPB,Ngân hàng TMCP Việt Nam Thịnh Vượng,Vietnam Prosperity Joint Stock Commercial Bank,HOSE,stock,11,Ngân hàng,KBS symbols_by_industries,2026-09-11T13:32:03+07:00
AAN,CTCP Lương thực A An,A An Food Joint Stock Company,HOSE,stock,12,Nông - Lâm - Ngư,KBS symbols_by_industries,2026-09-11T13:32:03+07:00
HAG,CTCP Hoàng Anh Gia Lai,Hoang Anh Gia Lai Joint Stock Company,HOSE,stock,12,Nông - Lâm - Ngư,KBS symbols_by_industries,2026-09-11T13:32:03+07:00
HPA,CTCP Phát triển Nông nghiệp Hòa Phát,Hoa Phat Agriculture Development Joint Stock Company,HOSE,stock,12,Nông - Lâm - Ngư,KBS symbols_by_industries,2026-09-11T13:32:03+07:00
HSL,CTCP Đầu tư Phát triển Thực phẩm Hồng Hà,Hong Ha Food Investment Development Joint Stock Company,HOSE,stock,12,Nông - Lâm - Ngư,KBS symbols_by_industries,2026-09-11T13:32:03+07:00
NSC,CTCP Tập đoàn Giống cây trồng Việt Nam,Vietnam National Seed Group Joint Stock Company,HOSE,stock,12,Nông - Lâm - Ngư,KBS symbols_by_industries,2026-09-11T13:32:03+07:00
SSC,CTCP Giống cây trồng Miền Nam,Southern Seed Corporation,HOSE,stock,12,Nông - Lâm - Ngư,KBS symbols_by_industries,2026-09-11T13:32:03+07:00
AAT,CTCP Tập Đoàn Tiên Sơn Thanh Hóa ,Tien Son Thanh Hoa Group Joint Stock Company,HOSE,stock,16,SX Hàng gia dụng,KBS symbols_by_industries,2026-09-11T13:32:03+07:00
ADS,CTCP Damsan,Damsan Joint Stock Company,HOSE,stock,16,SX Hàng gia dụng,KBS symbols_by_industries,2026-09-11T13:32:03+07:00
EVE,CTCP Everpia,Everpia Joint Stock Company,HOSE,stock,16,SX Hàng gia dụng,KBS symbols_by_industries,2026-09-11T13:32:03+07:00
GDT,CTCP Chế biến Gỗ Đức Thành,Duc Thanh Wood Processing Joint Stock Company,HOSE,stock,16,SX Hàng gia dụng,KBS symbols_by_industries,2026-09-11T13:32:03+07:00
GIL,CTCP Sản xuất Kinh doanh và Xuất nhập khẩu Bình Thạnh,Binh Thanh Import Export Production and Trade Joint Stock Company,HOSE,stock,16,SX Hàng gia dụng,KBS symbols_by_industries,2026-09-11T13:32:03+07:00
HTG,Tổng Công ty cổ phần Dệt may Hòa Thọ,Hoa Tho Textile - Garment Joint Stock Corporation,HOSE,stock,16,SX Hàng gia dụng,KBS symbols_by_industries,2026-09-11T13:32:03+07:00
KMR,CTCP Mirae,Mirae Joint Stock Company,HOSE,stock,16,SX Hàng gia dụng,KBS symbols_by_industries,2026-09-11T13:32:03+07:00
MSH,CTCP May Sông Hồng,Song Hong Garment Joint Stock Company,HOSE,stock,16,SX Hàng gia dụng,KBS symbols_by_industries,2026-09-11T13:32:03+07:00
NAV,CTCP Nam Việt,Nam Viet Joint Stock Company,HOSE,stock,16,SX Hàng gia dụng,KBS symbols_by_industries,2026-09-11T13:32:03+07:00
RYG,CTCP Sản xuất và Đầu tư Hoàng Gia,Royal Manufacture and Investment Joint Stock Company,HOSE,stock,16,SX Hàng gia dụng,KBS symbols_by_industries,2026-09-11T13:32:03+07:00
SAV,CTCP Hợp tác Kinh tế và Xuất nhập khẩu Savimex,Savimex Corporation,HOSE,stock,16,SX Hàng gia dụng,KBS symbols_by_industries,2026-09-11T13:32:03+07:00
SHA,CTCP Sơn Hà Sài Gòn,Son Ha Sai Gon Joint Stock Company,HOSE,stock,16,SX Hàng gia dụng,KBS symbols_by_industries,2026-09-11T13:32:03+07:00
STK,CTCP Sợi Thế Kỷ,Century Synthetic Fiber Corporation,HOSE,stock,16,SX Hàng gia dụng,KBS symbols_by_industries,2026-09-11T13:32:03+07:00
SVD,CTCP Đầu tư & Thương mại Vũ Đăng,Vu Dang Investment & Trading Joint Stock Company,HOSE,stock,16,SX Hàng gia dụng,KBS symbols_by_industries,2026-09-11T13:32:03+07:00
TCM,CTCP Dệt may - Đầu tư - Thương mại Thành Công,Thanh Cong Textile Garment Investment Trading Joint Stock Company,HOSE,stock,16,SX Hàng gia dụng,KBS symbols_by_industries,2026-09-11T13:32:03+07:00
TTF,CTCP Tập đoàn Kỹ nghệ gỗ Trường Thành,Truong Thanh Furniture Corporation,HOSE,stock,16,SX Hàng gia dụng,KBS symbols_by_industries,2026-09-11T13:32:03+07:00
TVT,Tổng Công ty Việt Thắng - CTCP,Viet Thang Corporation,HOSE,stock,16,SX Hàng gia dụng,KBS symbols_by_industries,2026-09-11T13:32:03+07:00
AAA,CTCP Nhựa An Phát Xanh,An Phat Bioplastics Joint Stock Company,HOSE,stock,18,SX Nhựa - Hóa chất,KBS symbols_by_industries,2026-09-11T13:32:03+07:00
ABS,CTCP Dịch vụ Nông nghiệp Bình Thuận,BinhThuan Agriculture Services Joint Stock Company,HOSE,stock,18,SX Nhựa - Hóa chất,KBS symbols_by_industries,2026-09-11T13:32:03+07:00
ADP,CTCP Sơn Á Đông,A Dong Paint Stock Company,HOSE,stock,18,SX Nhựa - Hóa chất,KBS symbols_by_industries,2026-09-11T13:32:03+07:00
APH,CTCP Tập đoàn An Phát Holdings,An Phat Holdings Joint Stock Company,HOSE,stock,18,SX Nhựa - Hóa chất,KBS symbols_by_industries,2026-09-11T13:32:03+07:00
BFC,CTCP Phân bón Bình Điền,Binh Dien Fertilizer Joint Stock Company,HOSE,stock,18,SX Nhựa - Hóa chất,KBS symbols_by_industries,2026-09-11T13:32:03+07:00
BMP,CTCP Nhựa Bình Minh,Binh Minh Plastics Joint Stock Company,HOSE,stock,18,SX Nhựa - Hóa chất,KBS symbols_by_industries,2026-09-11T13:32:03+07:00
CSV,CTCP Hóa chất Cơ bản Miền Nam,South Basic Chemicals Joint Stock Company,HOSE,stock,18,SX Nhựa - Hóa chất,KBS symbols_by_industries,2026-09-11T13:32:03+07:00
DCM,CTCP - Tổng công ty Phân bón Dầu khí Cà Mau,PetroVietnam Ca Mau Fertilizer Joint Stock Company,HOSE,stock,18,SX Nhựa - Hóa chất,KBS symbols_by_industries,2026-09-11T13:32:03+07:00
DGC,CTCP Tập đoàn Hóa chất Đức Giang,DucGiang Chemicals Group Joint Stock Company,HOSE,stock,18,SX Nhựa - Hóa chất,KBS symbols_by_industries,2026-09-11T13:32:03+07:00
DPM,Tổng công ty Phân bón và Hóa chất Dầu khí - CTCP,Petrovietnam Fertilizer and Chemicals Corporation,HOSE,stock,18,SX Nhựa - Hóa chất,KBS symbols_by_industries,2026-09-11T13:32:03+07:00
DPR,CTCP Cao su Đồng Phú,Dong Phu Rubber Joint Stock Company,HOSE,stock,18,SX Nhựa - Hóa chất,KBS symbols_by_industries,2026-09-11T13:32:03+07:00
DTT,CTCP Kỹ nghệ Đô Thành,Do Thanh Technology Corporation,HOSE,stock,18,SX Nhựa - Hóa chất,KBS symbols_by_industries,2026-09-11T13:32:03+07:00
GVR,Tập đoàn Công nghiệp Cao su Việt Nam - CTCP,Viet Nam Rubber Group - Joint Stock Company,HOSE,stock,18,SX Nhựa - Hóa chất,KBS symbols_by_industries,2026-09-11T13:32:03+07:00
HCD,CTCP Đầu tư Sản xuất và Thương mại HCD,HCD Investment Producing and Trading Joint Stock Company ,HOSE,stock,18,SX Nhựa - Hóa chất,KBS symbols_by_industries,2026-09-11T13:32:03+07:00
HII,CTCP An Tiến Industries,An Tien Industries Joint Stock Company,HOSE,stock,18,SX Nhựa - Hóa chất,KBS symbols_by_industries,2026-09-11T13:32:03+07:00
HRC,CTCP Cao su Hòa Bình,Hoa Binh Rubber Joint Stock Company,HOSE,stock,18,SX Nhựa - Hóa chất,KBS symbols_by_industries,2026-09-11T13:32:03+07:00
LIX,CTCP Bột Giặt Lix,Lix Detergent Joint Stock Company,HOSE,stock,18,SX Nhựa - Hóa chất,KBS symbols_by_industries,2026-09-11T13:32:03+07:00
PHR,CTCP Cao su Phước Hòa,Phuoc Hoa Rubber Joint Stock Company,HOSE,stock,18,SX Nhựa - Hóa chất,KBS symbols_by_industries,2026-09-11T13:32:03+07:00
PLP,CTCP Sản xuất và Công nghệ Nhựa Pha Lê,Pha Le Plastics Manufacturing and Technology Joint Stock Company,HOSE,stock,18,SX Nhựa - Hóa chất,KBS symbols_by_industries,2026-09-11T13:32:03+07:00
SFG,CTCP Phân Bón Miền Nam,The Southern Fertilizer Joint Stock Company,HOSE,stock,18,SX Nhựa - Hóa chất,KBS symbols_by_industries,2026-09-11T13:32:03+07:00
TDP,CTCP Thuận Đức,Thuan Duc Joint Stock Company,HOSE,stock,18,SX Nhựa - Hóa chất,KBS symbols_by_industries,2026-09-11T13:32:03+07:00
TNC,CTCP Cao su Thống Nhất,Thong Nhat Rubber Joint Stock Company,HOSE,stock,18,SX Nhựa - Hóa chất,KBS symbols_by_industries,2026-09-11T13:32:03+07:00
TPC,CTCP Nhựa Tân Đại Hưng,Tan Dai Hung Plastic Joint Stock Company,HOSE,stock,18,SX Nhựa - Hóa chất,KBS symbols_by_industries,2026-09-11T13:32:03+07:00
TRC,CTCP Cao su Tây Ninh,Tay Ninh Rubber Joint Stock Company ,HOSE,stock,18,SX Nhựa - Hóa chất,KBS symbols_by_industries,2026-09-11T13:32:03+07:00
VPS,CTCP Thuốc sát trùng Việt Nam ,Vietnam Pesticide Joint Stock Company,HOSE,stock,18,SX Nhựa - Hóa chất,KBS symbols_by_industries,2026-09-11T13:32:03+07:00
ACG,CTCP Gỗ An Cường,An Cuong Wood - Working Joint Stock Company,HOSE,stock,26,SX Phụ trợ,KBS symbols_by_industries,2026-09-11T13:32:03+07:00
BKG,CTCP Đầu tư BKG Việt Nam,BKG Viet Nam Investment Joint Stock Company,HOSE,stock,26,SX Phụ trợ,KBS symbols_by_industries,2026-09-11T13:32:03+07:00
BSR,CTCP - Tổng Công ty Lọc hóa dầu Việt Nam,Petrovietnam Refining And Petrochemical Corporation,HOSE,stock,26,SX Phụ trợ,KBS symbols_by_industries,2026-09-11T13:32:03+07:00
CLC,CTCP Cát Lợi,Cat Loi Joint Stock Company,HOSE,stock,26,SX Phụ trợ,manual fallback from company business model: printing and packaging,2026-09-11T13:32:03+07:00
DHC,CTCP Đông Hải Bến Tre,Dong Hai Joint Stock Company of Ben Tre,HOSE,stock,26,SX Phụ trợ,KBS symbols_by_industries,2026-09-11T13:32:03+07:00
DLG,CTCP Tập đoàn Đức Long Gia Lai,Duc Long Gia Lai Group Joint Stock Company,HOSE,stock,26,SX Phụ trợ,KBS symbols_by_industries,2026-09-11T13:32:03+07:00
GTA,CTCP Chế biến gỗ Thuận An,Thuan An Wood Processing Joint Stock Company,HOSE,stock,26,SX Phụ trợ,KBS symbols_by_industries,2026-09-11T13:32:03+07:00
HAP,CTCP Tập đoàn Hapaco,Hapaco Group Joint Stock Company,HOSE,stock,26,SX Phụ trợ,KBS symbols_by_industries,2026-09-11T13:32:03+07:00
HHP,CTCP HHP Global,HHP Global Joint Stock Company,HOSE,stock,26,SX Phụ trợ,KBS symbols_by_industries,2026-09-11T13:32:03+07:00
MCP,CTCP In và Bao bì Mỹ Châu,MyChau Printing and Packaging Corporation,HOSE,stock,26,SX Phụ trợ,KBS symbols_by_industries,2026-09-11T13:32:03+07:00
MZG,CTCP Miza,Miza Corporation,HOSE,stock,26,SX Phụ trợ,KBS symbols_by_industries,2026-09-11T13:32:03+07:00
NHT,CTCP Sản xuất và Thương mại Nam Hoa,Nam Hoa Trading & Production Corporation,HOSE,stock,26,SX Phụ trợ,KBS symbols_by_industries,2026-09-11T13:32:03+07:00
PTB,CTCP Phú Tài,Phu Tai Joint Stock Company,HOSE,stock,26,SX Phụ trợ,KBS symbols_by_industries,2026-09-11T13:32:03+07:00
SBV,CTCP Siam Brothers Việt Nam,Siam Brothers Vietnam Joint Stock Company,HOSE,stock,26,SX Phụ trợ,KBS symbols_by_industries,2026-09-11T13:32:03+07:00
SHI,CTCP Quốc tế Sơn Hà,Son Ha International Corporation,HOSE,stock,26,SX Phụ trợ,KBS symbols_by_industries,2026-09-11T13:32:03+07:00
SVT,CTCP Công nghệ Sài Gòn Viễn Đông,Sai Gon Vien Dong Technology Joint Stock Company,HOSE,stock,26,SX Phụ trợ,KBS symbols_by_industries,2026-09-11T13:32:03+07:00
TLD,CTCP Đầu tư Xây dựng và Phát triển Đô thị Thăng Long,Thang Long Urban Development and Construction Investment Joint Stock Company,HOSE,stock,26,SX Phụ trợ,KBS symbols_by_industries,2026-09-11T13:32:03+07:00
TLG,CTCP Tập đoàn Thiên Long,Thien Long Group Corporation,HOSE,stock,26,SX Phụ trợ,KBS symbols_by_industries,2026-09-11T13:32:03+07:00
TMT,CTCP Ô tô TMT,TMT Motors Corporation,HOSE,stock,26,SX Phụ trợ,KBS symbols_by_industries,2026-09-11T13:32:03+07:00
NHH,CTCP Nhựa Hà Nội,HaNoi Plastics Joint Stock Company,HOSE,stock,15,"SX Thiết bị, máy móc",KBS symbols_by_industries,2026-09-11T13:32:03+07:00
SBG,CTCP Tập đoàn Cơ khí Công nghệ cao Siba,Siba High-Tech Mechanical Group Joint Stock Company,HOSE,stock,15,"SX Thiết bị, máy móc",KBS symbols_by_industries,2026-09-11T13:32:03+07:00
BRC,CTCP Cao su Bến Thành,Ben Thanh Rubber Joint Stock Company,HOSE,stock,17,Sản phẩm cao su,KBS symbols_by_industries,2026-09-11T13:32:03+07:00
CSM,CTCP Công nghiệp Cao su Miền Nam,The Southern Rubber Industry Joint Stock Company,HOSE,stock,17,Sản phẩm cao su,KBS symbols_by_industries,2026-09-11T13:32:03+07:00
DRC,CTCP Cao su Đà Nẵng,Danang Rubber Joint Stock Company,HOSE,stock,17,Sản phẩm cao su,KBS symbols_by_industries,2026-09-11T13:32:03+07:00
SRC,CTCP Cao su Sao Vàng,Sao Vang Rubber Joint Stock Company,HOSE,stock,17,Sản phẩm cao su,KBS symbols_by_industries,2026-09-11T13:32:03+07:00
DQC,CTCP Tập đoàn Điện Quang,Dien Quang Group Joint Stock Company,HOSE,stock,27,Thiết bị điện,KBS symbols_by_industries,2026-09-11T13:32:03+07:00
GEE,CTCP Điện lực Gelex,Gelex Electricity Joint Stock Company,HOSE,stock,27,Thiết bị điện,KBS symbols_by_industries,2026-09-11T13:32:03+07:00
GEX,CTCP Tập đoàn GELEX,GELEX Group Joint Stock Company,HOSE,stock,27,Thiết bị điện,KBS symbols_by_industries,2026-09-11T13:32:03+07:00
PAC,CTCP Pin Ắc quy Miền Nam,Dry Cell and Storage Battery Joint Stock Company,HOSE,stock,27,Thiết bị điện,KBS symbols_by_industries,2026-09-11T13:32:03+07:00
RAL,CTCP Bóng đèn Phích nước Rạng Đông,Rang Dong Light Source and Vacuum Flask Joint Stock Company,HOSE,stock,27,Thiết bị điện,KBS symbols_by_industries,2026-09-11T13:32:03+07:00
SAM,CTCP SAM Holdings,SAM Holdings Corporation,HOSE,stock,27,Thiết bị điện,KBS symbols_by_industries,2026-09-11T13:32:03+07:00
TYA,CTCP Dây và Cáp Điện Taya Việt Nam,Taya (Vietnam) Electric Wire and Cable Joint Stock Company,HOSE,stock,27,Thiết bị điện,KBS symbols_by_industries,2026-09-11T13:32:03+07:00
VTB,CTCP Viettronics Tân Bình,Viettronics Tan Binh Joint Stock Company,HOSE,stock,27,Thiết bị điện,KBS symbols_by_industries,2026-09-11T13:32:03+07:00
AFX,CTCP Xuất nhập khẩu Nông sản Thực phẩm An Giang,An Giang Agriculture and Foods Import - Export Joint Stock Company,HOSE,stock,19,Thực phẩm - Đồ uống,KBS symbols_by_industries,2026-09-11T13:32:03+07:00
ANT,CTCP Rau quả Thực phẩm An Giang,An Giang Fruit-Vegetables & Foodstuff Joint Stock Company,HOSE,stock,19,Thực phẩm - Đồ uống,KBS symbols_by_industries,2026-09-11T13:32:03+07:00
BAF,CTCP Nông nghiệp BAF Việt Nam,BAF Viet Nam Agriculture Joint Stock Company,HOSE,stock,19,Thực phẩm - Đồ uống,KBS symbols_by_industries,2026-09-11T13:32:03+07:00
BHN,Tổng Công ty cổ phần Bia - Rượu - Nước giải khát Hà Nội,Hanoi Beer Alcohol and Beverage Joint Stock Corporation,HOSE,stock,19,Thực phẩm - Đồ uống,KBS symbols_by_industries,2026-09-11T13:32:03+07:00
DBC,CTCP Tập đoàn Dabaco Việt Nam,Dabaco Group,HOSE,stock,19,Thực phẩm - Đồ uống,KBS symbols_by_industries,2026-09-11T13:32:03+07:00
KDC,CTCP Tập đoàn KIDO,KIDO Group Corporation,HOSE,stock,19,Thực phẩm - Đồ uống,KBS symbols_by_industries,2026-09-11T13:32:03+07:00
LAF,CTCP Chế biến hàng Xuất khẩu Long An,Long An Food Processing Export Joint Stock Company,HOSE,stock,19,Thực phẩm - Đồ uống,KBS symbols_by_industries,2026-09-11T13:32:03+07:00
LSS,CTCP Mía Đường Lam Sơn,Lam Son Sugar Joint Stock Corporation,HOSE,stock,19,Thực phẩm - Đồ uống,KBS symbols_by_industries,2026-09-11T13:32:03+07:00
MCH,CTCP Hàng tiêu dùng Masan,Masan Consumer Corporation,HOSE,stock,19,Thực phẩm - Đồ uống,KBS symbols_by_industries,2026-09-11T13:32:03+07:00
MCM,CTCP Giống Bò sữa Mộc Châu,MocChau Dairy Cattle Breeding Joint Stock Company,HOSE,stock,19,Thực phẩm - Đồ uống,KBS symbols_by_industries,2026-09-11T13:32:03+07:00
MSN,CTCP Tập đoàn Masan,Masan Group Corporation,HOSE,stock,19,Thực phẩm - Đồ uống,KBS symbols_by_industries,2026-09-11T13:32:03+07:00
NAF,CTCP Nafoods Group,Nafoods Group Joint Stock Company,HOSE,stock,19,Thực phẩm - Đồ uống,KBS symbols_by_industries,2026-09-11T13:32:03+07:00
PAN,CTCP Tập đoàn PAN,The PAN Group Joint Stock Company,HOSE,stock,19,Thực phẩm - Đồ uống,KBS symbols_by_industries,2026-09-11T13:32:03+07:00
SAB,Tổng Công ty cổ phần Bia - Rượu - Nước giải khát Sài Gòn,Saigon Beer - Alcohol - Beverage Corporation,HOSE,stock,19,Thực phẩm - Đồ uống,KBS symbols_by_industries,2026-09-11T13:32:03+07:00
SBT,CTCP Thành Thành Công - Biên Hòa,Thanh Thanh Cong - Bien Hoa Joint Stock Company,HOSE,stock,19,Thực phẩm - Đồ uống,KBS symbols_by_industries,2026-09-11T13:32:03+07:00
SMB,CTCP Bia Sài Gòn - Miền Trung,Sai Gon - Mien Trung Beer Joint Stock Company,HOSE,stock,19,Thực phẩm - Đồ uống,KBS symbols_by_industries,2026-09-11T13:32:03+07:00
VCF,CTCP Vinacafé Biên Hòa,Vinacafé Bien Hoa Joint Stock Company,HOSE,stock,19,Thực phẩm - Đồ uống,KBS symbols_by_industries,2026-09-11T13:32:03+07:00
VNM,CTCP Sữa Việt Nam,Vietnam Dairy Products Joint Stock Company,HOSE,stock,19,Thực phẩm - Đồ uống,KBS symbols_by_industries,2026-09-11T13:32:03+07:00
ASP,CTCP Tập đoàn Dầu khí An Pha,An Pha Petrol Joint Stock Company,HOSE,stock,22,Tiện ích,KBS symbols_by_industries,2026-09-11T13:32:03+07:00
BTP,CTCP Nhiệt điện Bà Rịa,BaRia Thermal Power Joint Stock Company,HOSE,stock,22,Tiện ích,KBS symbols_by_industries,2026-09-11T13:32:03+07:00
BWE,CTCP - Tổng công ty nước - môi trường Bình Dương,Binh Duong Water - Environment Corporation - Joint Stock Company,HOSE,stock,22,Tiện ích,KBS symbols_by_industries,2026-09-11T13:32:03+07:00
CHP,CTCP Thủy điện Miền Trung,Central Hydropower Joint Stock Company,HOSE,stock,22,Tiện ích,KBS symbols_by_industries,2026-09-11T13:32:03+07:00
CLW,CTCP Cấp nước Chợ Lớn,Cholon Water Supply Joint Stock Company,HOSE,stock,22,Tiện ích,KBS symbols_by_industries,2026-09-11T13:32:03+07:00
CNG,CTCP CNG Việt Nam,CNG Viet Nam Joint Stock Company,HOSE,stock,22,Tiện ích,KBS symbols_by_industries,2026-09-11T13:32:03+07:00
DRL,CTCP Thủy điện - Điện Lực 3,Hydro Power Joint Stock Company - Power No.3,HOSE,stock,22,Tiện ích,KBS symbols_by_industries,2026-09-11T13:32:03+07:00
GAS,Tổng Công ty Khí Việt Nam - CTCP,PetroVietnam Gas Joint Stock Corporation,HOSE,stock,22,Tiện ích,KBS symbols_by_industries,2026-09-11T13:32:03+07:00
GEG,CTCP Điện Gia Lai,Gia Lai Electricity Joint Stock Company,HOSE,stock,22,Tiện ích,KBS symbols_by_industries,2026-09-11T13:32:03+07:00
GHC,CTCP Thủy điện Gia Lai,Gia Lai Hydropower Joint Stock Company,HOSE,stock,22,Tiện ích,KBS symbols_by_industries,2026-09-11T13:32:03+07:00
HID,CTCP Halcom Việt Nam,Halcom Vietnam Joint Stock Company,HOSE,stock,22,Tiện ích,KBS symbols_by_industries,2026-09-11T13:32:03+07:00
HNA,CTCP Thủy điện Hủa Na,Hua Na Hydropower Joint Stock Company,HOSE,stock,22,Tiện ích,KBS symbols_by_industries,2026-09-11T13:32:03+07:00
KHP,CTCP Điện lực Khánh Hòa,Khanh Hoa Power Joint Stock Company,HOSE,stock,22,Tiện ích,KBS symbols_by_industries,2026-09-11T13:32:03+07:00
NT2,CTCP Điện lực Dầu khí Nhơn Trạch 2,PetroVietnam Power Nhon Trach 2 Joint Stock Company,HOSE,stock,22,Tiện ích,KBS symbols_by_industries,2026-09-11T13:32:03+07:00
PGC,Tổng Công ty Gas Petrolimex - CTCP,Petrolimex Gas Corporation - Joint Stock Company,HOSE,stock,22,Tiện ích,KBS symbols_by_industries,2026-09-11T13:32:03+07:00
PGD,CTCP Phân phối khí thấp áp Dầu khí Việt Nam,PetroVietNam Low Pressure Gas Distribution Joint Stock Company,HOSE,stock,22,Tiện ích,KBS symbols_by_industries,2026-09-11T13:32:03+07:00
PGV,Tổng Công ty Phát điện 3 - CTCP,Power Generation Joint Stock Corporation 3,HOSE,stock,22,Tiện ích,KBS symbols_by_industries,2026-09-11T13:32:03+07:00
POW,Tổng Công ty Điện lực Dầu khí Việt Nam - CTCP,PetroVietnam Power Corporation,HOSE,stock,22,Tiện ích,KBS symbols_by_industries,2026-09-11T13:32:03+07:00
PPC,CTCP Nhiệt điện Phả Lại,Pha Lai Thermal Power Joint Stock Company,HOSE,stock,22,Tiện ích,KBS symbols_by_industries,2026-09-11T13:32:03+07:00
S4A,CTCP Thủy điện Sê San 4A,Se San 4A HydroPower Joint Stock Company,HOSE,stock,22,Tiện ích,KBS symbols_by_industries,2026-09-11T13:32:03+07:00
SBA,CTCP Sông Ba,Song Ba Joint Stock Company,HOSE,stock,22,Tiện ích,KBS symbols_by_industries,2026-09-11T13:32:03+07:00
SHP,CTCP Thủy điện Miền Nam,Southern Hydropower Joint Stock Company,HOSE,stock,22,Tiện ích,KBS symbols_by_industries,2026-09-11T13:32:03+07:00
SIP,CTCP Đầu tư Sài Gòn VRG,Sai Gon VRG Investment Corporation,HOSE,stock,22,Tiện ích,KBS symbols_by_industries,2026-09-11T13:32:03+07:00
SJD,CTCP Thủy điện Cần Đơn,Candon HydroPower Joint Stock Company,HOSE,stock,22,Tiện ích,KBS symbols_by_industries,2026-09-11T13:32:03+07:00
TBC,CTCP Thủy điện Thác Bà,Thac Ba Hydro Power Joint Stock Company,HOSE,stock,22,Tiện ích,KBS symbols_by_industries,2026-09-11T13:32:03+07:00
TDM,CTCP Nước Thủ Dầu Một,Thu Dau Mot Water Joint Stock Company,HOSE,stock,22,Tiện ích,KBS symbols_by_industries,2026-09-11T13:32:03+07:00
TDW,CTCP Cấp nước Thủ Đức,Thu Duc Water Supply Joint Stock Company,HOSE,stock,22,Tiện ích,KBS symbols_by_industries,2026-09-11T13:32:03+07:00
TMP,CTCP Thủy điện Thác Mơ,Thac Mo Hydropower Joint Stock Company,HOSE,stock,22,Tiện ích,KBS symbols_by_industries,2026-09-11T13:32:03+07:00
TTA,CTCP Đầu tư Xây dựng và Phát triển Trường Thành,Truong Thanh Development and Construction Investment Joint Stock Company,HOSE,stock,22,Tiện ích,KBS symbols_by_industries,2026-09-11T13:32:03+07:00
TTE,CTCP Đầu tư Năng lượng Trường Thịnh,Truong Thinh Energy Investment Joint Stock Company,HOSE,stock,22,Tiện ích,KBS symbols_by_industries,2026-09-11T13:32:03+07:00
UIC,CTCP Đầu tư Phát triển Nhà và Đô thị IDICO,Idico Urban and House Development Investment Joint-Stock Company,HOSE,stock,22,Tiện ích,KBS symbols_by_industries,2026-09-11T13:32:03+07:00
VPD,CTCP Phát triển Điện lực Việt Nam,Vietnam Power Development Joint Stock Company,HOSE,stock,22,Tiện ích,KBS symbols_by_industries,2026-09-11T13:32:03+07:00
VSH,CTCP Thủy điện Vĩnh Sơn - Sông Hinh,Vinh Son - Song Hinh Hydropower Joint Stock Company,HOSE,stock,22,Tiện ích,KBS symbols_by_industries,2026-09-11T13:32:03+07:00
OGC,CTCP Tập đoàn Đại Dương,Ocean Group Joint Stock Company,HOSE,stock,29,Tài chính khác,KBS symbols_by_industries,2026-09-11T13:32:03+07:00
ASG,CTCP Tập đoàn ASG,ASG Corporation,HOSE,stock,23,Vận tải - kho bãi,KBS symbols_by_industries,2026-09-11T13:32:03+07:00
AST,CTCP Dịch vụ Hàng không Taseco,Taseco Air Services Joint Stock Company,HOSE,stock,23,Vận tải - kho bãi,KBS symbols_by_industries,2026-09-11T13:32:03+07:00
CLL,CTCP Cảng Cát Lái,Cat Lai Port Joint Stock Company,HOSE,stock,23,Vận tải - kho bãi,KBS symbols_by_industries,2026-09-11T13:32:03+07:00
DVP,CTCP Đầu tư và Phát triển Cảng Đình Vũ,DinhVu Port Investment & Development Joint Stock Company,HOSE,stock,23,Vận tải - kho bãi,KBS symbols_by_industries,2026-09-11T13:32:03+07:00
GMD,CTCP Tập đoàn Gemadept,Gemadept Group Corporation,HOSE,stock,23,Vận tải - kho bãi,KBS symbols_by_industries,2026-09-11T13:32:03+07:00
GSP,CTCP Vận tải Sản Phẩm Khí Quốc tế,International Gas Product Shipping Joint Stock Company,HOSE,stock,23,Vận tải - kho bãi,KBS symbols_by_industries,2026-09-11T13:32:03+07:00
HAH,CTCP Vận tải và Xếp dỡ Hải An,Hai An Transport and Stevedoring Joint Stock Company,HOSE,stock,23,Vận tải - kho bãi,KBS symbols_by_industries,2026-09-11T13:32:03+07:00
HTV,CTCP Logistics Vicem,Logistics Vicem Joint Stock Company ,HOSE,stock,23,Vận tải - kho bãi,KBS symbols_by_industries,2026-09-11T13:32:03+07:00
HVN,Tổng Công ty Hàng không Việt Nam - CTCP,Vietnam Airlines Joint Stock Company,HOSE,stock,23,Vận tải - kho bãi,KBS symbols_by_industries,2026-09-11T13:32:03+07:00
ILB,CTCP ICD Tân Cảng - Long Bình,ICD Tan Cang - Long Binh Joint Stock Company,HOSE,stock,23,Vận tải - kho bãi,KBS symbols_by_industries,2026-09-11T13:32:03+07:00
MHC,CTCP MHC,MHC Joint Stock Company,HOSE,stock,23,Vận tải - kho bãi,KBS symbols_by_industries,2026-09-11T13:32:03+07:00
NCT,CTCP Dịch vụ Hàng hóa Nội Bài,NoiBai Cargo Terminal Services Joint Stock Company,HOSE,stock,23,Vận tải - kho bãi,KBS symbols_by_industries,2026-09-11T13:32:03+07:00
PDN,CTCP Cảng Đồng Nai,Dong Nai Port Joint Stock Company,HOSE,stock,23,Vận tải - kho bãi,KBS symbols_by_industries,2026-09-11T13:32:03+07:00
PDV,CTCP Vận Tải Và Tiếp Vận Phương Đông Việt,Phuong Dong Viet Shipping And Logistics Corporation,HOSE,stock,23,Vận tải - kho bãi,KBS symbols_by_industries,2026-09-11T13:32:03+07:00
PJT,CTCP Vận tải Xăng dầu Đường Thủy Petrolimex,Petrolimex Joint Stock Tanker Company,HOSE,stock,23,Vận tải - kho bãi,KBS symbols_by_industries,2026-09-11T13:32:03+07:00
PVP,CTCP Vận tải Dầu khí Thái Bình Dương,Pacific Petroleum Transportation Joint Stock Company,HOSE,stock,23,Vận tải - kho bãi,KBS symbols_by_industries,2026-09-11T13:32:03+07:00
PVT,Tổng Công ty cổ phần Vận tải Dầu khí,PetroVietnam Transportation Corporation,HOSE,stock,23,Vận tải - kho bãi,KBS symbols_by_industries,2026-09-11T13:32:03+07:00
QNP,CTCP Cảng Quy Nhơn,Quy Nhon Port Joint Stock Company,HOSE,stock,23,Vận tải - kho bãi,KBS symbols_by_industries,2026-09-11T13:32:03+07:00
SCS,CTCP Dịch vụ Hàng hóa Sài Gòn,Sai Gon Cargo Service Corporation,HOSE,stock,23,Vận tải - kho bãi,KBS symbols_by_industries,2026-09-11T13:32:03+07:00
SFI,CTCP Đại lý Vận tải SAFI,Sea & Air Freight International,HOSE,stock,23,Vận tải - kho bãi,KBS symbols_by_industries,2026-09-11T13:32:03+07:00
SGN,CTCP Phục vụ Mặt đất Sài Gòn,Saigon Ground Services Joint Stock Company,HOSE,stock,23,Vận tải - kho bãi,KBS symbols_by_industries,2026-09-11T13:32:03+07:00
SKG,CTCP Tàu cao tốc Superdong - Kiên Giang,Superdong Fast Ferry Kieng Giang Joint Stock Company,HOSE,stock,23,Vận tải - kho bãi,KBS symbols_by_industries,2026-09-11T13:32:03+07:00
STG,CTCP Kho vận Miền Nam,South Logistics Joint Stock Company,HOSE,stock,23,Vận tải - kho bãi,KBS symbols_by_industries,2026-09-11T13:32:03+07:00
TCL,CTCP Đại lý Giao nhận Vận tải Xếp dỡ Tân Cảng,Tan Cang Logistics and Stevedoring Joint Stock Company,HOSE,stock,23,Vận tải - kho bãi,KBS symbols_by_industries,2026-09-11T13:32:03+07:00
TCO,CTCP Janus Group,Janus Group Joint Stock Company,HOSE,stock,23,Vận tải - kho bãi,KBS symbols_by_industries,2026-09-11T13:32:03+07:00
TCT,CTCP Cáp treo Núi Bà Tây Ninh,Tay Ninh Cable Car Tour Company,HOSE,stock,23,Vận tải - kho bãi,KBS symbols_by_industries,2026-09-11T13:32:03+07:00
TMS,CTCP Transimex,Transimex Corporation,HOSE,stock,23,Vận tải - kho bãi,KBS symbols_by_industries,2026-09-11T13:32:03+07:00
VIP,CTCP Vận tải Xăng dầu VIPCO,Vietnam Petroleum Transport Joint Stock Company,HOSE,stock,23,Vận tải - kho bãi,KBS symbols_by_industries,2026-09-11T13:32:03+07:00
VJC,CTCP Hàng không Vietjet,Vietjet Aviation Joint Stock Company,HOSE,stock,23,Vận tải - kho bãi,KBS symbols_by_industries,2026-09-11T13:32:03+07:00
VNL,CTCP Logistics Vinalink,Vinalink Logistics Joint Stock Company,HOSE,stock,23,Vận tải - kho bãi,KBS symbols_by_industries,2026-09-11T13:32:03+07:00
VNS,CTCP Ánh Dương Việt Nam,Vietnam Sun Corporation,HOSE,stock,23,Vận tải - kho bãi,KBS symbols_by_industries,2026-09-11T13:32:03+07:00
VOS,CTCP Vận tải Biển Việt Nam,Vietnam Ocean Shipping Joint Stock Company,HOSE,stock,23,Vận tải - kho bãi,KBS symbols_by_industries,2026-09-11T13:32:03+07:00
VSC,CTCP Container Việt Nam,Vietnam Container Shipping Joint Stock Corporation,HOSE,stock,23,Vận tải - kho bãi,KBS symbols_by_industries,2026-09-11T13:32:03+07:00
VTO,CTCP Vận tải Xăng dầu Vitaco,Vietnam Tanker Joint Stock Company,HOSE,stock,23,Vận tải - kho bãi,KBS symbols_by_industries,2026-09-11T13:32:03+07:00
VTP,Tổng Công ty cổ phần Bưu chính Viettel,Viettel Post Joint Stock Corporation,HOSE,stock,23,Vận tải - kho bãi,KBS symbols_by_industries,2026-09-11T13:32:03+07:00
ACC,CTCP Đầu tư và Xây dựng Bình Dương ACC,ACC Binh Duong Investment and Construction Joint Stock Company,HOSE,stock,21,Vật liệu xây dựng,KBS symbols_by_industries,2026-09-11T13:32:03+07:00
CRC,CTCP Create Capital Việt Nam,Create Capital Viet Nam Joint Stock Company ,HOSE,stock,21,Vật liệu xây dựng,KBS symbols_by_industries,2026-09-11T13:32:03+07:00
CVT,CTCP CMC,CMC Joint Stock Company,HOSE,stock,21,Vật liệu xây dựng,KBS symbols_by_industries,2026-09-11T13:32:03+07:00
DTL,CTCP Đại Thiên Lộc,Dai Thien Loc Corporation,HOSE,stock,21,Vật liệu xây dựng,KBS symbols_by_industries,2026-09-11T13:32:03+07:00
DXV,CTCP VICEM Vật liệu Xây dựng Đà Nẵng,Da Nang Building Material VICCEM Joint Stock Company,HOSE,stock,21,Vật liệu xây dựng,KBS symbols_by_industries,2026-09-11T13:32:03+07:00
FCM,CTCP Bê tông Phan Vũ Hà Nam,Phan Vu Ha Nam Concrete Joint Stock Company,HOSE,stock,21,Vật liệu xây dựng,KBS symbols_by_industries,2026-09-11T13:32:03+07:00
GMH,CTCP Minh Hưng Quảng Trị,Quang Tri Minh Hung Joint Stock Company,HOSE,stock,21,Vật liệu xây dựng,KBS symbols_by_industries,2026-09-11T13:32:03+07:00
HPG,CTCP Tập đoàn Hòa Phát,Hoa Phat Group Joint Stock Company,HOSE,stock,21,Vật liệu xây dựng,KBS symbols_by_industries,2026-09-11T13:32:03+07:00
HSG,CTCP Tập đoàn Hoa Sen,Hoa Sen Group,HOSE,stock,21,Vật liệu xây dựng,KBS symbols_by_industries,2026-09-11T13:32:03+07:00
HT1,CTCP Xi Măng Vicem Hà Tiên,Vicem Ha Tien Cement Joint Stock Company,HOSE,stock,21,Vật liệu xây dựng,KBS symbols_by_industries,2026-09-11T13:32:03+07:00
LBM,CTCP Khoáng sản và Vật liệu Xây dựng Lâm Đồng,LamDong Minerals and Building Materials Joint Stock Company,HOSE,stock,21,Vật liệu xây dựng,KBS symbols_by_industries,2026-09-11T13:32:03+07:00
NKG,CTCP Thép Nam Kim,Nam Kim Steel Joint Stock Company,HOSE,stock,21,Vật liệu xây dựng,KBS symbols_by_industries,2026-09-11T13:32:03+07:00
TCR,CTCP Công nghiệp Gốm sứ Taicera,Taicera Enterprise Company,HOSE,stock,21,Vật liệu xây dựng,KBS symbols_by_industries,2026-09-11T13:32:03+07:00
TEG,CTCP Trường Thành Energy Group,Truong Thanh Energy Group Joint Stock Company,HOSE,stock,21,Vật liệu xây dựng,KBS symbols_by_industries,2026-09-11T13:32:03+07:00
THG,CTCP Đầu tư và Xây dựng Tiền Giang,Tien Giang Investment and Construction Joint Stock Company,HOSE,stock,21,Vật liệu xây dựng,KBS symbols_by_industries,2026-09-11T13:32:03+07:00
VCA,CTCP Thép VICASA,VICASA Joint Stock Company,HOSE,stock,21,Vật liệu xây dựng,KBS symbols_by_industries,2026-09-11T13:32:03+07:00
VGC,Tổng Công ty Viglacera - CTCP,Viglacera Corporation - JSC,HOSE,stock,21,Vật liệu xây dựng,KBS symbols_by_industries,2026-09-11T13:32:03+07:00
YBM,CTCP YBM,YBM Joint Stock Company,HOSE,stock,21,Vật liệu xây dựng,KBS symbols_by_industries,2026-09-11T13:32:03+07:00
C47,CTCP Xây dựng 47,Construction Joint Stock Company 47,HOSE,stock,24,Xây dựng,KBS symbols_by_industries,2026-09-11T13:32:03+07:00
CCC,CTCP Xây dựng CDC,CDC Construction Joint Stock Company,HOSE,stock,24,Xây dựng,KBS symbols_by_industries,2026-09-11T13:32:03+07:00
CII,CTCP Đầu tư Hạ tầng Kỹ thuật Thành phố Hồ Chí Minh,Ho Chi Minh City Infrastructure Investment Joint Stock Company,HOSE,stock,24,Xây dựng,KBS symbols_by_industries,2026-09-11T13:32:03+07:00
CTD,CTCP Xây dựng Coteccons,Coteccons Construction Joint Stock Company,HOSE,stock,24,Xây dựng,KBS symbols_by_industries,2026-09-11T13:32:03+07:00
CTI,CTCP Đầu tư Phát triển Cường Thuận IDICO,Cuong Thuan IDICO Development Investment Corporation,HOSE,stock,24,Xây dựng,KBS symbols_by_industries,2026-09-11T13:32:03+07:00
DC4,CTCP DICERA Holdings,DICERA Holdings Joint Stock Company,HOSE,stock,24,Xây dựng,KBS symbols_by_industries,2026-09-11T13:32:03+07:00
DPG,CTCP Tập đoàn Đạt Phương,Dat Phuong Group Joint Stock Company,HOSE,stock,24,Xây dựng,KBS symbols_by_industries,2026-09-11T13:32:03+07:00
FCN,CTCP Tập đoàn FECON,FECON CORPORATION,HOSE,stock,24,Xây dựng,KBS symbols_by_industries,2026-09-11T13:32:03+07:00
HAS,CTCP Hacisco,Hacisco Joint Stock Company,HOSE,stock,24,Xây dựng,KBS symbols_by_industries,2026-09-11T13:32:03+07:00
HHV,CTCP Đầu tư Hạ tầng Giao thông Đèo Cả,Deo Ca Traffic Infrastructure Investment Joint Stock Company,HOSE,stock,24,Xây dựng,KBS symbols_by_industries,2026-09-11T13:32:03+07:00
HTI,CTCP Đầu tư Phát triển Hạ tầng IDICO,IDICO Infrastructure Development Investment Joint Stock Company,HOSE,stock,24,Xây dựng,KBS symbols_by_industries,2026-09-11T13:32:03+07:00
HTN,CTCP Hưng Thịnh Incons,Hung Thinh Incons Joint Stock Company,HOSE,stock,24,Xây dựng,KBS symbols_by_industries,2026-09-11T13:32:03+07:00
HUB,CTCP Xây lắp Thừa Thiên Huế,Thua Thien Hue Construction Joint Stock Corporation,HOSE,stock,24,Xây dựng,KBS symbols_by_industries,2026-09-11T13:32:03+07:00
HVH,CTCP Đầu tư và Công nghệ HVC,HVC Investment and Technology Joint Stock Company,HOSE,stock,24,Xây dựng,KBS symbols_by_industries,2026-09-11T13:32:03+07:00
L10,CTCP Lilama 10,Lilama 10 Joint Stock Company,HOSE,stock,24,Xây dựng,KBS symbols_by_industries,2026-09-11T13:32:03+07:00
LCG,CTCP Lizen,Lizen Joint Stock Company,HOSE,stock,24,Xây dựng,KBS symbols_by_industries,2026-09-11T13:32:03+07:00
LGC,CTCP Đầu tư Cầu đường CII,CII Bridges and Roads Investment Joint Stock Company,HOSE,stock,24,Xây dựng,KBS symbols_by_industries,2026-09-11T13:32:03+07:00
LM8,CTCP Lilama 18,Lilama 18 Joint Stock Company,HOSE,stock,24,Xây dựng,KBS symbols_by_industries,2026-09-11T13:32:03+07:00
PC1,CTCP Tập Đoàn PC1,PC1 Group Joint Stock Company,HOSE,stock,24,Xây dựng,KBS symbols_by_industries,2026-09-11T13:32:03+07:00
PHC,CTCP Xây dựng Phục Hưng Holdings,Phuc Hung Holdings Construction Joint Stock Company,HOSE,stock,24,Xây dựng,KBS symbols_by_industries,2026-09-11T13:32:03+07:00
PTC,CTCP Đầu Tư Icapital,Icapital Investment Joint Stock Company,HOSE,stock,24,Xây dựng,KBS symbols_by_industries,2026-09-11T13:32:03+07:00
REE,CTCP Cơ Điện Lạnh,Refrigeration Electrical Engineering Corporation,HOSE,stock,24,Xây dựng,KBS symbols_by_industries,2026-09-11T13:32:03+07:00
SC5,CTCP Xây dựng Số 5,Construction Joint Stock Company No 5,HOSE,stock,24,Xây dựng,KBS symbols_by_industries,2026-09-11T13:32:03+07:00
SRF,CTCP SEAREFICO,Searefico Corporation,HOSE,stock,24,Xây dựng,KBS symbols_by_industries,2026-09-11T13:32:03+07:00
TSA,CTCP Đầu tư và Xây lắp Trường Sơn,Truong Son Investment And Construction Joint Stock Company,HOSE,stock,24,Xây dựng,KBS symbols_by_industries,2026-09-11T13:32:03+07:00
VCG,Tổng Công ty cổ phần Xuất nhập khẩu và Xây dựng Việt Nam,Viet Nam Construction And Import - Export Joint Stock Corporation,HOSE,stock,24,Xây dựng,KBS symbols_by_industries,2026-09-11T13:32:03+07:00
VSI,CTCP Đầu tư và Xây dựng Cấp thoát nước,Water Supply Sewerage Construction and Investment Joint Stock Company,HOSE,stock,24,Xây dựng,KBS symbols_by_industries,2026-09-11T13:32:03+07:00
